Tools,Port 0x01: JJH Probe  s/n:3E4C880C,Frame,Time [sec],Face,State,Q0,Qx,Qy,Qz,Tx,Ty,Tz,Error,Markers,State,Tx,Ty,Tz,State,Tx,Ty,Tz,State,Tx,Ty,Tz,Port 0x02: JJH T tibia tracker  s/n:3E4C8800,Frame,Time [sec],Face,State,Q0,Qx,Qy,Qz,Tx,Ty,Tz,Error,Markers,State,Tx,Ty,Tz,State,Tx,Ty,Tz,State,Tx,Ty,Tz,Port 0x03: JJH Y femur tracker  s/n:3E4C8801,Frame,Time [sec],Face,State,Q0,Qx,Qy,Qz,Tx,Ty,Tz,Error,Markers,State,Tx,Ty,Tz,State,Tx,Ty,Tz,State,Tx,Ty,Tz
3,Port 0x01: JJH Probe  s/n:3E4C880C,656178523,1778161908.718746794,1,OK,0.7156862,0.2515570,0.3984199,0.5155327,-101.769,-216.268,-1723.134,0.0888365,3,OK,-119.742,-331.404,-1687.063,OK,-135.165,-427.669,-1655.265,OK,-127.861,-472.047,-1662.115,Port 0x02: JJH T tibia tracker  s/n:3E4C8800,656178523,1778161908.718746794,1,OK,0.4411862,0.2076103,0.1468813,-0.8606269,187.560,-64.539,-1566.712,0.2448215,3,OK,187.397,-64.711,-1566.841,OK,131.786,10.468,-1543.739,OK,234.836,-1.690,-1522.872,Port 0x03: JJH Y femur tracker  s/n:3E4C8801,656178523,1778161908.718746794,1,OK,0.8912358,-0.0203626,0.4444366,-0.0880926,-200.247,-96.317,-1630.852,0.2500621,3,OK,-200.102,-96.228,-1631.037,OK,-223.427,-7.108,-1594.115,OK,-255.366,-79.965,-1557.109
3,Port 0x01: JJH Probe  s/n:3E4C880C,656178526,1778161908.768746794,1,OK,0.7155098,0.2516281,0.3988992,0.5153722,-101.865,-216.162,-1723.246,0.0956557,3,OK,-119.786,-331.273,-1687.112,OK,-135.165,-427.553,-1655.254,OK,-127.865,-471.917,-1662.088,Port 0x02: JJH T tibia tracker  s/n:3E4C8800,656178526,1778161908.768746794,1,OK,0.4411289,0.2079833,0.1472697,-0.8604998,187.531,-64.412,-1566.744,0.2552505,3,OK,187.358,-64.590,-1566.879,OK,131.747,10.563,-1543.711,OK,234.795,-1.596,-1522.814,Port 0x03: JJH Y femur tracker  s/n:3E4C8801,656178526,1778161908.768746794,1,OK,0.8912588,-0.0202101,0.4444071,-0.0880436,-200.300,-96.184,-1630.908,0.2542304,3,OK,-200.151,-96.094,-1631.097,OK,-223.482,-6.994,-1594.143,OK,-255.426,-79.843,-1557.163
3,Port 0x01: JJH Probe  s/n:3E4C880C,656178529,1778161908.818746794,1,OK,0.7154335,0.2518376,0.3992841,0.5150775,-101.874,-216.308,-1723.347,0.0880458,3,OK,-119.793,-331.406,-1687.166,OK,-135.185,-427.666,-1655.244,OK,-127.887,-472.036,-1662.101,Port 0x02: JJH T tibia tracker  s/n:3E4C8800,656178529,1778161908.818746794,1,OK,0.4411270,0.2083484,0.1475736,-0.8603604,187.541,-64.497,-1566.847,0.2732866,3,OK,187.365,-64.701,-1566.996,OK,131.733,10.461,-1543.767,OK,234.786,-1.698,-1522.832,Port 0x03: JJH Y femur tracker  s/n:3E4C8801,656178529,1778161908.818746794,1,OK,0.8912120,-0.0201865,0.4444982,-0.0880623,-200.320,-96.297,-1630.882,0.2591003,3,OK,-200.165,-96.217,-1631.082,OK,-223.490,-7.098,-1594.107,OK,-255.436,-79.956,-1557.119
3,Port 0x01: JJH Probe  s/n:3E4C880C,656178532,1778161908.868746794,1,OK,0.7160807,0.2507300,0.3981939,0.5155624,-101.759,-216.231,-1723.315,0.1119726,3,OK,-119.768,-331.325,-1687.140,OK,-135.208,-427.587,-1655.272,OK,-127.907,-471.926,-1662.036,Port 0x02: JJH T tibia tracker  s/n:3E4C8800,656178532,1778161908.868746794,1,OK,0.4411695,0.2080436,0.1473417,-0.8604521,187.550,-64.423,-1566.759,0.2608584,3,OK,187.374,-64.607,-1566.897,OK,131.756,10.542,-1543.717,OK,234.806,-1.604,-1522.811,Port 0x03: JJH Y femur tracker  s/n:3E4C8801,656178532,1778161908.868746794,1,OK,0.8911846,-0.0206016,0.4445358,-0.0880542,-200.292,-96.233,-1630.878,0.2621196,3,OK,-200.144,-96.132,-1631.066,OK,-223.476,-7.018,-1594.181,OK,-255.407,-79.877,-1557.113
3,Port 0x01: JJH Probe  s/n:3E4C880C,656178535,1778161908.918746794,1,OK,0.7156975,0.2514776,0.3990125,0.5150973,-101.841,-216.284,-1723.443,0.0890976,3,OK,-119.804,-331.369,-1687.241,OK,-135.244,-427.619,-1655.289,OK,-127.935,-471.981,-1662.138,Port 0x02: JJH T tibia tracker  s/n:3E4C8800,656178535,1778161908.918746794,1,OK,0.4411636,0.2080888,0.1470794,-0.8604890,187.548,-64.477,-1566.727,0.2542405,3,OK,187.377,-64.654,-1566.860,OK,131.755,10.507,-1543.734,OK,234.800,-1.656,-1522.796,Port 0x03: JJH Y femur tracker  s/n:3E4C8801,656178535,1778161908.918746794,1,OK,0.8911741,-0.0206138,0.4445585,-0.0880428,-200.289,-96.265,-1630.838,0.2695901,3,OK,-200.137,-96.161,-1631.031,OK,-223.473,-7.057,-1594.142,OK,-255.406,-79.909,-1557.063
3,Port 0x01: JJH Probe  s/n:3E4C880C,656178538,1778161908.968746794,1,OK,0.7156467,0.2515589,0.3983622,0.5156311,-101.811,-216.184,-1723.129,0.0882892,3,OK,-119.769,-331.330,-1687.082,OK,-135.188,-427.604,-1655.289,OK,-127.868,-471.972,-1662.159,Port 0x02: JJH T tibia tracker  s/n:3E4C8800,656178538,1778161908.968746794,1,OK,0.4411486,0.2083422,0.1473576,-0.8603878,187.546,-64.422,-1566.802,0.2652433,3,OK,187.368,-64.612,-1566.945,OK,131.745,10.541,-1543.764,OK,234.783,-1.615,-1522.808,Port 0x03: JJH Y femur tracker  s/n:3E4C8801,656178538,1778161908.968746794,1,OK,0.8912073,-0.0206848,0.4444922,-0.0880248,-200.295,-96.247,-1630.844,0.2632018,3,OK,-200.150,-96.140,-1631.028,OK,-223.491,-7.031,-1594.165,OK,-255.420,-79.894,-1557.083
3,Port 0x01: JJH Probe  s/n:3E4C880C,656178541,1778161909.018746794,1,OK,0.7161171,0.2506883,0.3979345,0.5157323,-101.754,-216.218,-1723.245,0.1114921,3,OK,-119.769,-331.328,-1687.116,OK,-135.215,-427.596,-1655.291,OK,-127.906,-471.936,-1662.063,Port 0x02: JJH T tibia tracker  s/n:3E4C8800,656178541,1778161909.018746794,1,OK,0.4411100,0.2082695,0.1473772,-0.8604218,187.564,-64.437,-1566.776,0.2627738,3,OK,187.390,-64.632,-1566.919,OK,131.777,10.535,-1543.726,OK,234.804,-1.631,-1522.792,Port 0x03: JJH Y femur tracker  s/n:3E4C8801,656178541,1778161909.018746794,1,OK,0.8911245,-0.0206346,0.4446580,-0.0880378,-200.279,-96.238,-1630.852,0.2728031,3,OK,-200.127,-96.130,-1631.045,OK,-223.454,-7.030,-1594.155,OK,-255.383,-79.884,-1557.060
3,Port 0x01: JJH Probe  s/n:3E4C880C,656178544,1778161909.068746794,1,OK,0.7156351,0.2515195,0.3990193,0.5151582,-101.824,-216.252,-1723.427,0.0820966,3,OK,-119.773,-331.355,-1687.235,OK,-135.194,-427.583,-1655.304,OK,-127.882,-471.965,-1662.153,Port 0x02: JJH T tibia tracker  s/n:3E4C8800,656178544,1778161909.068746794,1,OK,0.4411812,0.2082597,0.1471424,-0.8604279,187.564,-64.421,-1566.769,0.2613550,3,OK,187.385,-64.602,-1566.907,OK,131.766,10.549,-1543.771,OK,234.803,-1.600,-1522.804,Port 0x03: JJH Y femur tracker  s/n:3E4C8801,656178544,1778161909.068746794,1,OK,0.8912876,-0.0206988,0.4443289,-0.0880330,-200.249,-96.239,-1630.801,0.2409566,3,OK,-200.125,-96.123,-1630.957,OK,-223.460,-7.027,-1594.136,OK,-255.381,-79.887,-1557.088
3,Port 0x01: JJH Probe  s/n:3E4C880C,656178547,1778161909.118746794,1,OK,0.7159836,0.2513094,0.3980434,0.5155312,-101.799,-216.211,-1723.252,0.0761280,3,OK,-119.841,-331.333,-1687.193,OK,-135.340,-427.588,-1655.377,OK,-128.024,-471.985,-1662.241,Port 0x02: JJH T tibia tracker  s/n:3E4C8800,656178547,1778161909.118746794,1,OK,0.4411257,0.2080998,0.1470294,-0.8605143,187.525,-64.437,-1566.710,0.2556447,3,OK,187.342,-64.603,-1566.842,OK,131.750,10.542,-1543.728,OK,234.783,-1.614,-1522.780,Port 0x03: JJH Y femur tracker  s/n:3E4C8801,656178547,1778161909.118746794,1,OK,0.8911695,-0.0204309,0.4445687,-0.0880803,-200.302,-96.232,-1630.866,0.2711005,3,OK,-200.145,-96.136,-1631.067,OK,-223.472,-7.030,-1594.137,OK,-255.416,-79.874,-1557.086
3,Port 0x01: JJH Probe  s/n:3E4C880C,656178550,1778161909.168746794,1,OK,0.7159575,0.2511526,0.3981606,0.5155534,-101.797,-216.156,-1723.256,0.1010039,3,OK,-119.814,-331.273,-1687.155,OK,-135.272,-427.542,-1655.333,OK,-127.970,-471.894,-1662.151,Port 0x02: JJH T tibia tracker  s/n:3E4C8800,656178550,1778161909.168746794,1,OK,0.4411401,0.2081231,0.1474308,-0.8604327,187.544,-64.379,-1566.767,0.2665157,3,OK,187.367,-64.573,-1566.911,OK,131.751,10.586,-1543.708,OK,234.797,-1.565,-1522.799,Port 0x03: JJH Y femur tracker  s/n:3E4C8801,656178550,1778161909.168746794,1,OK,0.8911500,-0.0201392,0.4446245,-0.0880636,-200.316,-96.160,-1630.889,0.2632178,3,OK,-200.161,-96.071,-1631.087,OK,-223.468,-6.973,-1594.102,OK,-255.413,-79.823,-1557.106
3,Port 0x01: JJH Probe  s/n:3E4C880C,656178553,1778161909.218746794,1,OK,0.7161041,0.2509723,0.3978958,0.5156420,-101.768,-216.070,-1723.216,0.0978732,3,OK,-119.814,-331.201,-1687.125,OK,-135.295,-427.445,-1655.321,OK,-127.988,-471.807,-1662.134,Port 0x02: JJH T tibia tracker  s/n:3E4C8800,656178553,1778161909.218746794,1,OK,0.4411954,0.2079610,0.1471253,-0.8604958,187.537,-64.310,-1566.723,0.2499381,3,OK,187.363,-64.474,-1566.851,OK,131.745,10.662,-1543.722,OK,234.793,-1.485,-1522.810,Port 0x03: JJH Y femur tracker  s/n:3E4C8801,656178553,1778161909.218746794,1,OK,0.8911103,-0.0202585,0.4447062,-0.0880245,-200.316,-96.097,-1630.865,0.2744656,3,OK,-200.153,-96.010,-1631.074,OK,-223.472,-6.901,-1594.091,OK,-255.412,-79.761,-1557.059
3,Port 0x01: JJH Probe  s/n:3E4C880C,656178556,1778161909.268746794,1,OK,0.7159267,0.2510954,0.3979884,0.5157570,-101.841,-215.878,-1723.190,0.0969657,3,OK,-119.838,-331.005,-1687.130,OK,-135.285,-427.291,-1655.333,OK,-127.963,-471.646,-1662.167,Port 0x02: JJH T tibia tracker  s/n:3E4C8800,656178556,1778161909.268746794,1,OK,0.4410861,0.2083169,0.1474910,-0.8604031,187.524,-64.149,-1566.768,0.2673444,3,OK,187.343,-64.340,-1566.911,OK,131.732,10.810,-1543.703,OK,234.775,-1.354,-1522.766,Port 0x03: JJH Y femur tracker  s/n:3E4C8801,656178556,1778161909.268746794,1,OK,0.8910325,-0.0203470,0.4448620,-0.0880057,-200.348,-95.926,-1630.865,0.2874993,3,OK,-200.176,-95.838,-1631.087,OK,-223.498,-6.732,-1594.096,OK,-255.430,-79.584,-1557.028
3,Port 0x01: JJH Probe  s/n:3E4C880C,656178559,1778161909.318746794,1,OK,0.7166585,0.2499242,0.3967814,0.5162392,-101.703,-216.088,-1723.096,0.1293426,3,OK,-119.814,-331.218,-1687.041,OK,-135.319,-427.493,-1655.318,OK,-128.007,-471.813,-1662.038,Port 0x02: JJH T tibia tracker  s/n:3E4C8800,656178559,1778161909.318746794,1,OK,0.4410963,0.2082768,0.1476522,-0.8603799,187.546,-64.334,-1566.813,0.2699320,3,OK,187.371,-64.538,-1566.961,OK,131.750,10.622,-1543.714,OK,234.794,-1.540,-1522.805,Port 0x03: JJH Y femur tracker  s/n:3E4C8801,656178559,1778161909.318746794,1,OK,0.8911297,-0.0203925,0.4446547,-0.0880583,-200.311,-96.142,-1630.887,0.2694169,3,OK,-200.155,-96.049,-1631.087,OK,-223.473,-6.935,-1594.145,OK,-255.412,-79.797,-1557.094
3,Port 0x01: JJH Probe  s/n:3E4C880C,656178562,1778161909.368746794,1,OK,0.7159035,0.2510181,0.3983352,0.5155591,-101.815,-216.038,-1723.282,0.1037004,3,OK,-119.798,-331.164,-1687.135,OK,-135.224,-427.405,-1655.284,OK,-127.912,-471.751,-1662.086,Port 0x02: JJH T tibia tracker  s/n:3E4C8800,656178562,1778161909.368746794,1,OK,0.4410725,0.2082653,0.1476451,-0.8603962,187.536,-64.247,-1566.833,0.2756983,3,OK,187.357,-64.455,-1566.985,OK,131.743,10.713,-1543.734,OK,234.792,-1.450,-1522.824,Port 0x03: JJH Y femur tracker  s/n:3E4C8801,656178562,1778161909.368746794,1,OK,0.8912212,-0.0205661,0.4444664,-0.0880418,-200.299,-96.063,-1630.820,0.2559604,3,OK,-200.155,-95.963,-1631.003,OK,-223.494,-6.858,-1594.117,OK,-255.419,-79.706,-1557.072
3,Port 0x01: JJH Probe  s/n:3E4C880C,656178565,1778161909.418746794,1,OK,0.7159558,0.2512082,0.3985899,0.5151968,-101.778,-216.199,-1723.383,0.0876157,3,OK,-119.798,-331.282,-1687.199,OK,-135.280,-427.524,-1655.275,OK,-127.975,-471.898,-1662.103,Port 0x02: JJH T tibia tracker  s/n:3E4C8800,656178565,1778161909.418746794,1,OK,0.4411474,0.2083118,0.1474361,-0.8603823,187.581,-64.392,-1566.773,0.2678100,3,OK,187.404,-64.589,-1566.919,OK,131.779,10.569,-1543.719,OK,234.821,-1.586,-1522.776,Port 0x03: JJH Y femur tracker  s/n:3E4C8801,656178565,1778161909.418746794,1,OK,0.8911897,-0.0201513,0.4445395,-0.0880876,-200.285,-96.187,-1630.903,0.2613316,3,OK,-200.130,-96.100,-1631.101,OK,-223.443,-6.996,-1594.124,OK,-255.394,-79.844,-1557.133
3,Port 0x01: JJH Probe  s/n:3E4C880C,656178568,1778161909.468746794,1,OK,0.7160347,0.2508790,0.3976765,0.5159530,-101.745,-216.128,-1723.105,0.1105758,3,OK,-119.757,-331.271,-1687.064,OK,-135.191,-427.552,-1655.326,OK,-127.882,-471.900,-1662.118,Port 0x02: JJH T tibia tracker  s/n:3E4C8800,656178568,1778161909.468746794,1,OK,0.4411683,0.2078726,0.1468811,-0.8605727,187.541,-64.399,-1566.688,0.2476214,3,OK,187.366,-64.557,-1566.813,OK,131.763,10.591,-1543.728,OK,234.809,-1.564,-1522.807,Port 0x03: JJH Y femur tracker  s/n:3E4C8801,656178568,1778161909.468746794,1,OK,0.8912628,-0.0204727,0.4443746,-0.0881065,-200.275,-96.193,-1630.856,0.2521299,3,OK,-200.136,-96.088,-1631.032,OK,-223.458,-6.983,-1594.153,OK,-255.406,-79.839,-1557.121
3,Port 0x01: JJH Probe  s/n:3E4C880C,656178571,1778161909.518746794,1,OK,0.7152394,0.2525577,0.3993729,0.5149257,-101.808,-216.188,-1723.132,0.0744255,3,OK,-119.749,-331.317,-1687.036,OK,-135.166,-427.572,-1655.178,OK,-127.888,-471.967,-1662.099,Port 0x02: JJH T tibia tracker  s/n:3E4C8800,656178571,1778161909.518746794,1,OK,0.4411614,0.2082133,0.1470969,-0.8604571,187.559,-64.451,-1566.769,0.2631436,3,OK,187.373,-64.629,-1566.907,OK,131.776,10.519,-1543.778,OK,234.804,-1.625,-1522.813,Port 0x03: JJH Y femur tracker  s/n:3E4C8801,656178571,1778161909.518746794,1,OK,0.8912426,-0.0202659,0.4444378,-0.0880395,-200.275,-96.245,-1630.876,0.2581765,3,OK,-200.123,-96.157,-1631.070,OK,-223.457,-7.049,-1594.119,OK,-255.401,-79.903,-1557.123
3,Port 0x01: JJH Probe  s/n:3E4C880C,656178574,1778161909.568746794,1,OK,0.7154442,0.2522197,0.3992763,0.5148818,-101.800,-216.267,-1723.275,0.0799328,3,OK,-119.769,-331.373,-1687.133,OK,-135.215,-427.625,-1655.226,OK,-127.931,-472.005,-1662.127,Port 0x02: JJH T tibia tracker  s/n:3E4C8800,656178574,1778161909.568746794,1,OK,0.4411385,0.2081102,0.1474504,-0.8604332,187.555,-64.483,-1566.788,0.2586696,3,OK,187.384,-64.671,-1566.927,OK,131.758,10.482,-1543.725,OK,234.807,-1.678,-1522.825,Port 0x03: JJH Y femur tracker  s/n:3E4C8801,656178574,1778161909.568746794,1,OK,0.8911258,-0.0202699,0.4446745,-0.0880260,-200.303,-96.277,-1630.892,0.2721820,3,OK,-200.140,-96.193,-1631.101,OK,-223.465,-7.081,-1594.119,OK,-255.402,-79.936,-1557.094
