Tools,Port 0x01: JJH Probe  s/n:3E4C880C,Frame,Time [sec],Face,State,Q0,Qx,Qy,Qz,Tx,Ty,Tz,Error,Markers,State,Tx,Ty,Tz,State,Tx,Ty,Tz,State,Tx,Ty,Tz,Port 0x02: JJH T tibia tracker  s/n:3E4C8800,Frame,Time [sec],Face,State,Q0,Qx,Qy,Qz,Tx,Ty,Tz,Error,Markers,State,Tx,Ty,Tz,State,Tx,Ty,Tz,State,Tx,Ty,Tz,Port 0x03: JJH Y femur tracker  s/n:3E4C8801,Frame,Time [sec],Face,State,Q0,Qx,Qy,Qz,Tx,Ty,Tz,Error,Markers,State,Tx,Ty,Tz,State,Tx,Ty,Tz,State,Tx,Ty,Tz,,,,,,,,,,,,
4,Port 0x01: JJH Probe  s/n:3E4C880C,791010793,1780409113,1,Too Few Markers,-3.70E+28,-3.70E+28,-3.70E+28,-3.70E+28,-3.70E+28,-3.70E+28,-3.70E+28,0,3,Missing,-3.70E+28,-3.70E+28,-3.70E+28,Missing,-3.70E+28,-3.70E+28,-3.70E+28,Missing,-3.70E+28,-3.70E+28,-3.70E+28,Port 0x02: JJH T tibia tracker  s/n:3E4C8800,791010793,1780409113,1,OK,0.6945988,0.0284978,0.0076409,-0.7187921,252.995,-33.813,-1775.463,0.2070249,3,OK,252.899,-33.885,-1775.469,OK,164.248,3.484,-1776.271,OK,256.186,55.957,-1770.818,Port 0x03: JJH Y femur tracker  s/n:3E4C8801,791010793,1780409113,1,OK,0.8336242,0.0292284,0.5361655,-0.1293947,74.368,-88.317,-1707.902,0.4223491,3,OK,74.561,-88.141,-1708.228,OK,71.371,-0.286,-1662.642,OK,37.703,-70.984,-1623.46,,,,,,,,,,,,
4,Port 0x01: JJH Probe  s/n:3E4C880C,791010796,1780409113,1,Too Few Markers,-3.70E+28,-3.70E+28,-3.70E+28,-3.70E+28,-3.70E+28,-3.70E+28,-3.70E+28,0,3,Missing,-3.70E+28,-3.70E+28,-3.70E+28,Missing,-3.70E+28,-3.70E+28,-3.70E+28,Missing,-3.70E+28,-3.70E+28,-3.70E+28,Port 0x02: JJH T tibia tracker  s/n:3E4C8800,791010796,1780409113,1,OK,0.6946206,0.0288033,0.00774,-0.7187577,253.022,-33.823,-1775.379,0.2017194,3,OK,252.93,-33.897,-1775.386,OK,164.276,3.473,-1776.194,OK,256.198,55.942,-1770.683,Port 0x03: JJH Y femur tracker  s/n:3E4C8801,791010796,1780409113,1,OK,0.8337575,0.0291069,0.5359757,-0.1293492,74.427,-88.323,-1707.905,0.3941187,3,OK,74.603,-88.14,-1708.192,OK,71.389,-0.286,-1662.662,OK,37.74,-70.986,-1623.524,,,,,,,,,,,,
4,Port 0x01: JJH Probe  s/n:3E4C880C,791010799,1780409113,1,Too Few Markers,-3.70E+28,-3.70E+28,-3.70E+28,-3.70E+28,-3.70E+28,-3.70E+28,-3.70E+28,0,3,Missing,-3.70E+28,-3.70E+28,-3.70E+28,Missing,-3.70E+28,-3.70E+28,-3.70E+28,Missing,-3.70E+28,-3.70E+28,-3.70E+28,Port 0x02: JJH T tibia tracker  s/n:3E4C8800,791010799,1780409113,1,OK,0.6946064,0.028773,0.0085716,-0.7187633,253.013,-33.821,-1775.52,0.2116389,3,OK,252.931,-33.92,-1775.528,OK,164.255,3.478,-1776.185,OK,256.193,55.958,-1770.723,Port 0x03: JJH Y femur tracker  s/n:3E4C8801,791010799,1780409113,1,OK,0.8335804,0.0292768,0.5362643,-0.1292565,74.389,-88.306,-1707.978,0.4459484,3,OK,74.596,-88.143,-1708.34,OK,71.38,-0.293,-1662.686,OK,37.728,-70.984,-1623.498,,,,,,,,,,,,
4,Port 0x01: JJH Probe  s/n:3E4C880C,791010802,1780409113,1,Too Few Markers,-3.70E+28,-3.70E+28,-3.70E+28,-3.70E+28,-3.70E+28,-3.70E+28,-3.70E+28,0,3,Missing,-3.70E+28,-3.70E+28,-3.70E+28,Missing,-3.70E+28,-3.70E+28,-3.70E+28,Missing,-3.70E+28,-3.70E+28,-3.70E+28,Port 0x02: JJH T tibia tracker  s/n:3E4C8800,791010802,1780409113,1,OK,0.6945835,0.0293191,0.0082044,-0.7187675,253.037,-33.809,-1775.543,0.2125878,3,OK,252.942,-33.892,-1775.55,OK,164.287,3.487,-1776.315,OK,256.224,55.963,-1770.721,Port 0x03: JJH Y femur tracker  s/n:3E4C8801,791010802,1780409113,1,OK,0.8336739,0.0293544,0.5361085,-0.1292819,74.406,-88.299,-1707.915,0.4190432,3,OK,74.598,-88.133,-1708.244,OK,71.389,-0.286,-1662.615,OK,37.731,-70.981,-1623.484,,,,,,,,,,,,
4,Port 0x01: JJH Probe  s/n:3E4C880C,791010805,1780409113,1,Too Few Markers,-3.70E+28,-3.70E+28,-3.70E+28,-3.70E+28,-3.70E+28,-3.70E+28,-3.70E+28,0,3,Missing,-3.70E+28,-3.70E+28,-3.70E+28,Missing,-3.70E+28,-3.70E+28,-3.70E+28,Missing,-3.70E+28,-3.70E+28,-3.70E+28,Port 0x02: JJH T tibia tracker  s/n:3E4C8800,791010805,1780409113,1,OK,0.6946186,0.0286952,0.0082369,-0.7187585,253.041,-33.81,-1775.508,0.2116254,3,OK,252.958,-33.897,-1775.515,OK,164.275,3.485,-1776.226,OK,256.225,55.965,-1770.762,Port 0x03: JJH Y femur tracker  s/n:3E4C8801,791010805,1780409113,1,OK,0.8336744,0.0292745,0.5361133,-0.129277,74.419,-88.304,-1707.919,0.4208908,3,OK,74.611,-88.135,-1708.247,OK,71.395,-0.287,-1662.632,OK,37.743,-70.98,-1623.487,,,,,,,,,,,,
4,Port 0x01: JJH Probe  s/n:3E4C880C,791010808,1780409113,1,Too Few Markers,-3.70E+28,-3.70E+28,-3.70E+28,-3.70E+28,-3.70E+28,-3.70E+28,-3.70E+28,0,3,Missing,-3.70E+28,-3.70E+28,-3.70E+28,Missing,-3.70E+28,-3.70E+28,-3.70E+28,Missing,-3.70E+28,-3.70E+28,-3.70E+28,Port 0x02: JJH T tibia tracker  s/n:3E4C8800,791010808,1780409113,1,OK,0.6945531,0.0286073,0.0082567,-0.7188251,252.996,-33.8,-1775.572,0.2064813,3,OK,252.908,-33.878,-1775.579,OK,164.245,3.509,-1776.28,OK,256.196,55.966,-1770.836,Port 0x03: JJH Y femur tracker  s/n:3E4C8801,791010808,1780409113,1,OK,0.8337132,0.0292858,0.5360362,-0.1293435,74.385,-88.309,-1707.939,0.4214888,3,OK,74.579,-88.143,-1708.272,OK,71.365,-0.282,-1662.66,OK,37.695,-70.978,-1623.51,,,,,,,,,,,,
4,Port 0x01: JJH Probe  s/n:3E4C880C,791010811,1780409114,1,Too Few Markers,-3.70E+28,-3.70E+28,-3.70E+28,-3.70E+28,-3.70E+28,-3.70E+28,-3.70E+28,0,3,Missing,-3.70E+28,-3.70E+28,-3.70E+28,Missing,-3.70E+28,-3.70E+28,-3.70E+28,Missing,-3.70E+28,-3.70E+28,-3.70E+28,Port 0x02: JJH T tibia tracker  s/n:3E4C8800,791010811,1780409114,1,OK,0.6945684,0.0285645,0.0079956,-0.7188149,253.04,-33.801,-1775.547,0.215595,3,OK,252.952,-33.887,-1775.555,OK,164.28,3.502,-1776.299,OK,256.243,55.978,-1770.849,Port 0x03: JJH Y femur tracker  s/n:3E4C8801,791010811,1780409114,1,OK,0.833637,0.029436,0.5361614,-0.1292819,74.408,-88.305,-1707.96,0.431142,3,OK,74.609,-88.159,-1708.317,OK,71.397,-0.295,-1662.631,OK,37.74,-70.982,-1623.508,,,,,,,,,,,,
4,Port 0x01: JJH Probe  s/n:3E4C880C,791010814,1780409114,1,Too Few Markers,-3.70E+28,-3.70E+28,-3.70E+28,-3.70E+28,-3.70E+28,-3.70E+28,-3.70E+28,0,3,Missing,-3.70E+28,-3.70E+28,-3.70E+28,Missing,-3.70E+28,-3.70E+28,-3.70E+28,Missing,-3.70E+28,-3.70E+28,-3.70E+28,Port 0x02: JJH T tibia tracker  s/n:3E4C8800,791010814,1780409114,1,OK,0.6945718,0.0286646,0.0078861,-0.7188088,253.043,-33.795,-1775.532,0.203837,3,OK,252.956,-33.877,-1775.539,OK,164.295,3.515,-1776.31,OK,256.232,55.973,-1770.835,Port 0x03: JJH Y femur tracker  s/n:3E4C8801,791010814,1780409114,1,OK,0.8336491,0.0289999,0.5361304,-0.1294309,74.412,-88.335,-1707.888,0.4210433,3,OK,74.601,-88.145,-1708.2,OK,71.402,-0.289,-1662.677,OK,37.74,-70.983,-1623.456,,,,,,,,,,,,
4,Port 0x01: JJH Probe  s/n:3E4C880C,791010817,1780409114,1,Too Few Markers,-3.70E+28,-3.70E+28,-3.70E+28,-3.70E+28,-3.70E+28,-3.70E+28,-3.70E+28,0,3,Missing,-3.70E+28,-3.70E+28,-3.70E+28,Missing,-3.70E+28,-3.70E+28,-3.70E+28,Missing,-3.70E+28,-3.70E+28,-3.70E+28,Port 0x02: JJH T tibia tracker  s/n:3E4C8800,791010817,1780409114,1,OK,0.694592,0.0285368,0.0079353,-0.7187939,253.016,-33.793,-1775.534,0.2067386,3,OK,252.928,-33.875,-1775.541,OK,164.263,3.51,-1776.294,OK,256.205,55.979,-1770.847,Port 0x03: JJH Y femur tracker  s/n:3E4C8801,791010817,1780409114,1,OK,0.8336635,0.0292796,0.5361216,-0.1293114,74.388,-88.314,-1707.899,0.4161166,3,OK,74.578,-88.143,-1708.221,OK,71.372,-0.294,-1662.616,OK,37.718,-70.989,-1623.472,,,,,,,,,,,,
4,Port 0x01: JJH Probe  s/n:3E4C880C,791010820,1780409114,1,Too Few Markers,-3.70E+28,-3.70E+28,-3.70E+28,-3.70E+28,-3.70E+28,-3.70E+28,-3.70E+28,0,3,Missing,-3.70E+28,-3.70E+28,-3.70E+28,Missing,-3.70E+28,-3.70E+28,-3.70E+28,Missing,-3.70E+28,-3.70E+28,-3.70E+28,Port 0x02: JJH T tibia tracker  s/n:3E4C8800,791010820,1780409114,1,OK,0.6945558,0.0282414,0.007666,-0.7188434,253.038,-33.788,-1775.553,0.2111773,3,OK,252.946,-33.869,-1775.56,OK,164.29,3.522,-1776.338,OK,256.244,55.991,-1770.937,Port 0x03: JJH Y femur tracker  s/n:3E4C8801,791010820,1780409114,1,OK,0.8335471,0.0293596,0.5363205,-0.129219,74.391,-88.299,-1707.933,0.4519062,3,OK,74.603,-88.151,-1708.313,OK,71.386,-0.289,-1662.613,OK,37.737,-70.983,-1623.438,,,,,,,,,,,,
4,Port 0x01: JJH Probe  s/n:3E4C880C,791010823,1780409114,1,Too Few Markers,-3.70E+28,-3.70E+28,-3.70E+28,-3.70E+28,-3.70E+28,-3.70E+28,-3.70E+28,0,3,Missing,-3.70E+28,-3.70E+28,-3.70E+28,Missing,-3.70E+28,-3.70E+28,-3.70E+28,Missing,-3.70E+28,-3.70E+28,-3.70E+28,Port 0x02: JJH T tibia tracker  s/n:3E4C8800,791010823,1780409114,1,OK,0.6945689,0.0288263,0.0080649,-0.7188032,253.041,-33.767,-1775.67,0.2065962,3,OK,252.947,-33.844,-1775.677,OK,164.297,3.538,-1776.429,OK,256.233,56.001,-1770.93,Port 0x03: JJH Y femur tracker  s/n:3E4C8801,791010823,1780409114,1,OK,0.8336796,0.0295269,0.5361121,-0.1291908,74.409,-88.289,-1707.973,0.4214782,3,OK,74.606,-88.144,-1708.32,OK,71.385,-0.287,-1662.622,OK,37.732,-70.99,-1623.535,,,,,,,,,,,,
4,Port 0x01: JJH Probe  s/n:3E4C880C,791010826,1780409114,1,Too Few Markers,-3.70E+28,-3.70E+28,-3.70E+28,-3.70E+28,-3.70E+28,-3.70E+28,-3.70E+28,0,3,Missing,-3.70E+28,-3.70E+28,-3.70E+28,Missing,-3.70E+28,-3.70E+28,-3.70E+28,Missing,-3.70E+28,-3.70E+28,-3.70E+28,Port 0x02: JJH T tibia tracker  s/n:3E4C8800,791010826,1780409114,1,OK,0.6945071,0.0278944,0.0071469,-0.7189094,253.077,-33.679,-1775.908,0.2016917,3,OK,252.993,-33.76,-1775.915,OK,164.337,3.655,-1776.758,OK,256.288,56.096,-1771.403,Port 0x03: JJH Y femur tracker  s/n:3E4C8801,791010826,1780409114,1,OK,0.8337091,0.0292124,0.5360571,-0.1293002,74.413,-88.312,-1707.94,0.4149088,3,OK,74.601,-88.135,-1708.256,OK,71.383,-0.29,-1662.672,OK,37.73,-70.984,-1623.522,,,,,,,,,,,,
4,Port 0x01: JJH Probe  s/n:3E4C880C,791010829,1780409114,1,Too Few Markers,-3.70E+28,-3.70E+28,-3.70E+28,-3.70E+28,-3.70E+28,-3.70E+28,-3.70E+28,0,3,Missing,-3.70E+28,-3.70E+28,-3.70E+28,Missing,-3.70E+28,-3.70E+28,-3.70E+28,Missing,-3.70E+28,-3.70E+28,-3.70E+28,Port 0x02: JJH T tibia tracker  s/n:3E4C8800,791010829,1780409114,1,OK,0.6944022,0.0261074,0.0059189,-0.719089,253.136,-33.582,-1776.219,0.2133362,3,OK,253.051,-33.664,-1776.225,OK,164.4,3.78,-1777.15,OK,256.404,56.22,-1772.096,Port 0x03: JJH Y femur tracker  s/n:3E4C8801,791010829,1780409114,1,OK,0.8335047,0.0294151,0.5363962,-0.129166,74.384,-88.269,-1707.968,0.4588271,3,OK,74.601,-88.123,-1708.357,OK,71.386,-0.261,-1662.633,OK,37.737,-70.97,-1623.451,,,,,,,,,,,,
4,Port 0x01: JJH Probe  s/n:3E4C880C,791010832,1780409114,1,Too Few Markers,-3.70E+28,-3.70E+28,-3.70E+28,-3.70E+28,-3.70E+28,-3.70E+28,-3.70E+28,0,3,Missing,-3.70E+28,-3.70E+28,-3.70E+28,Missing,-3.70E+28,-3.70E+28,-3.70E+28,Missing,-3.70E+28,-3.70E+28,-3.70E+28,Port 0x02: JJH T tibia tracker  s/n:3E4C8800,791010832,1780409114,1,OK,0.6943985,0.0261513,0.0058005,-0.7190919,253.12,-33.564,-1776.297,0.2037289,3,OK,253.039,-33.647,-1776.303,OK,164.393,3.807,-1777.251,OK,256.378,56.231,-1772.184,Port 0x03: JJH Y femur tracker  s/n:3E4C8801,791010832,1780409114,1,OK,0.833705,0.0293927,0.5360826,-0.12918,74.391,-88.283,-1707.943,0.4227352,3,OK,74.586,-88.127,-1708.283,OK,71.35,-0.283,-1662.617,OK,37.71,-70.969,-1623.514,,,,,,,,,,,,
4,Port 0x01: JJH Probe  s/n:3E4C880C,791010835,1780409114,1,Too Few Markers,-3.70E+28,-3.70E+28,-3.70E+28,-3.70E+28,-3.70E+28,-3.70E+28,-3.70E+28,0,3,Missing,-3.70E+28,-3.70E+28,-3.70E+28,Missing,-3.70E+28,-3.70E+28,-3.70E+28,Missing,-3.70E+28,-3.70E+28,-3.70E+28,Port 0x02: JJH T tibia tracker  s/n:3E4C8800,791010835,1780409114,1,OK,0.6943732,0.0259398,0.0055918,-0.7191257,253.144,-33.556,-1776.275,0.2118903,3,OK,253.051,-33.645,-1776.281,OK,164.428,3.816,-1777.25,OK,256.414,56.253,-1772.215,Port 0x03: JJH Y femur tracker  s/n:3E4C8801,791010835,1780409114,1,OK,0.8336034,0.0295332,0.536239,-0.1291546,74.395,-88.268,-1707.958,0.4444731,3,OK,74.605,-88.138,-1708.341,OK,71.377,-0.268,-1662.591,OK,37.731,-70.964,-1623.48,,,,,,,,,,,,
4,Port 0x01: JJH Probe  s/n:3E4C880C,791010838,1780409114,1,Too Few Markers,-3.70E+28,-3.70E+28,-3.70E+28,-3.70E+28,-3.70E+28,-3.70E+28,-3.70E+28,0,3,Missing,-3.70E+28,-3.70E+28,-3.70E+28,Missing,-3.70E+28,-3.70E+28,-3.70E+28,Missing,-3.70E+28,-3.70E+28,-3.70E+28,Port 0x02: JJH T tibia tracker  s/n:3E4C8800,791010838,1780409114,1,OK,0.6943561,0.0255678,0.0048394,-0.7191609,253.145,-33.562,-1776.197,0.2006249,3,OK,253.051,-33.632,-1776.203,OK,164.439,3.818,-1777.277,OK,256.419,56.233,-1772.28,Port 0x03: JJH Y femur tracker  s/n:3E4C8801,791010838,1780409114,1,OK,0.8336238,0.0295151,0.5362113,-0.1291421,74.402,-88.278,-1707.974,0.4428371,3,OK,74.611,-88.144,-1708.353,OK,71.377,-0.28,-1662.611,OK,37.733,-70.974,-1623.501,,,,,,,,,,,,
4,Port 0x01: JJH Probe  s/n:3E4C880C,791010841,1780409114,1,Too Few Markers,-3.70E+28,-3.70E+28,-3.70E+28,-3.70E+28,-3.70E+28,-3.70E+28,-3.70E+28,0,3,Missing,-3.70E+28,-3.70E+28,-3.70E+28,Missing,-3.70E+28,-3.70E+28,-3.70E+28,Missing,-3.70E+28,-3.70E+28,-3.70E+28,Port 0x02: JJH T tibia tracker  s/n:3E4C8800,791010841,1780409114,1,OK,0.6943389,0.0260627,0.0045721,-0.7191615,253.131,-33.528,-1776.235,0.2080766,3,OK,253.025,-33.597,-1776.241,OK,164.432,3.848,-1777.4,OK,256.411,56.273,-1772.286,Port 0x03: JJH Y femur tracker  s/n:3E4C8801,791010841,1780409114,1,OK,0.8337033,0.029359,0.5360761,-0.1292253,74.388,-88.288,-1707.925,0.408142,3,OK,74.576,-88.132,-1708.249,OK,71.355,-0.27,-1662.611,OK,37.71,-70.978,-1623.509,,,,,,,,,,,,
4,Port 0x01: JJH Probe  s/n:3E4C880C,791010844,1780409114,1,Too Few Markers,-3.70E+28,-3.70E+28,-3.70E+28,-3.70E+28,-3.70E+28,-3.70E+28,-3.70E+28,0,3,Missing,-3.70E+28,-3.70E+28,-3.70E+28,Missing,-3.70E+28,-3.70E+28,-3.70E+28,Missing,-3.70E+28,-3.70E+28,-3.70E+28,Port 0x02: JJH T tibia tracker  s/n:3E4C8800,791010844,1780409114,1,OK,0.6943103,0.0261963,0.0047921,-0.7191829,253.162,-33.516,-1776.344,0.2023586,3,OK,253.069,-33.592,-1776.351,OK,164.461,3.876,-1777.48,OK,256.441,56.281,-1772.352,Port 0x03: JJH Y femur tracker  s/n:3E4C8801,791010844,1780409114,1,OK,0.8335679,0.0293636,0.5362862,-0.1292262,74.389,-88.28,-1707.936,0.4469587,3,OK,74.596,-88.113,-1708.296,OK,71.383,-0.283,-1662.627,OK,37.733,-70.967,-1623.454,,,,,,,,,,,,
4,Port 0x01: JJH Probe  s/n:3E4C880C,791010847,1780409114,1,Too Few Markers,-3.70E+28,-3.70E+28,-3.70E+28,-3.70E+28,-3.70E+28,-3.70E+28,-3.70E+28,0,3,Missing,-3.70E+28,-3.70E+28,-3.70E+28,Missing,-3.70E+28,-3.70E+28,-3.70E+28,Missing,-3.70E+28,-3.70E+28,-3.70E+28,Port 0x02: JJH T tibia tracker  s/n:3E4C8800,791010847,1780409114,1,OK,0.6942764,0.0253195,0.0043935,-0.7192495,253.163,-33.502,-1776.327,0.2111769,3,OK,253.065,-33.584,-1776.333,OK,164.465,3.896,-1777.467,OK,256.464,56.312,-1772.496,Port 0x03: JJH Y femur tracker  s/n:3E4C8801,791010847,1780409114,1,OK,0.8336846,0.0289453,0.5360885,-0.1293881,74.403,-88.318,-1707.91,0.4170357,3,OK,74.589,-88.122,-1708.212,OK,71.377,-0.274,-1662.706,OK,37.724,-70.968,-1623.49,,,,,,,,,,,,
4,Port 0x01: JJH Probe  s/n:3E4C880C,791010850,1780409114,1,Too Few Markers,-3.70E+28,-3.70E+28,-3.70E+28,-3.70E+28,-3.70E+28,-3.70E+28,-3.70E+28,0,3,Missing,-3.70E+28,-3.70E+28,-3.70E+28,Missing,-3.70E+28,-3.70E+28,-3.70E+28,Missing,-3.70E+28,-3.70E+28,-3.70E+28,Port 0x02: JJH T tibia tracker  s/n:3E4C8800,791010850,1780409114,1,OK,0.6942835,0.025211,0.0045741,-0.7192454,253.148,-33.468,-1776.538,0.2172526,3,OK,253.05,-33.543,-1776.544,OK,164.439,3.921,-1777.639,OK,256.46,56.347,-1772.699,Port 0x03: JJH Y femur tracker  s/n:3E4C8801,791010850,1780409114,1,OK,0.833603,0.0293743,0.5362109,-0.1293098,74.351,-88.29,-1707.941,0.4249288,3,OK,74.548,-88.134,-1708.285,OK,71.351,-0.273,-1662.633,OK,37.694,-70.969,-1623.491,,,,,,,,,,,,
4,Port 0x01: JJH Probe  s/n:3E4C880C,791010853,1780409114,1,Too Few Markers,-3.70E+28,-3.70E+28,-3.70E+28,-3.70E+28,-3.70E+28,-3.70E+28,-3.70E+28,0,3,Missing,-3.70E+28,-3.70E+28,-3.70E+28,Missing,-3.70E+28,-3.70E+28,-3.70E+28,Missing,-3.70E+28,-3.70E+28,-3.70E+28,Port 0x02: JJH T tibia tracker  s/n:3E4C8800,791010853,1780409114,1,OK,0.6942874,0.0254291,0.0047406,-0.7192328,253.179,-33.467,-1776.506,0.2090908,3,OK,253.08,-33.54,-1776.512,OK,164.478,3.925,-1777.593,OK,256.479,56.338,-1772.618,Port 0x03: JJH Y femur tracker  s/n:3E4C8801,791010853,1780409114,1,OK,0.8336815,0.0291893,0.5361069,-0.1292772,74.409,-88.293,-1707.933,0.4278729,3,OK,74.605,-88.121,-1708.268,OK,71.378,-0.271,-1662.663,OK,37.727,-70.962,-1623.494,,,,,,,,,,,,
4,Port 0x01: JJH Probe  s/n:3E4C880C,791010856,1780409114,1,Too Few Markers,-3.70E+28,-3.70E+28,-3.70E+28,-3.70E+28,-3.70E+28,-3.70E+28,-3.70E+28,0,3,Missing,-3.70E+28,-3.70E+28,-3.70E+28,Missing,-3.70E+28,-3.70E+28,-3.70E+28,Missing,-3.70E+28,-3.70E+28,-3.70E+28,Port 0x02: JJH T tibia tracker  s/n:3E4C8800,791010856,1780409114,1,OK,0.6942934,0.0254255,0.0037741,-0.7192329,253.172,-33.453,-1776.404,0.2055465,3,OK,253.072,-33.521,-1776.41,OK,164.477,3.942,-1777.661,OK,256.468,56.352,-1772.638,Port 0x03: JJH Y femur tracker  s/n:3E4C8801,791010856,1780409114,1,OK,0.8336119,0.029247,0.5362056,-0.1293033,74.388,-88.289,-1707.919,0.4324941,3,OK,74.587,-88.12,-1708.26,OK,71.377,-0.274,-1662.637,OK,37.726,-70.958,-1623.465,,,,,,,,,,,,
4,Port 0x01: JJH Probe  s/n:3E4C880C,791010859,1780409114,1,Too Few Markers,-3.70E+28,-3.70E+28,-3.70E+28,-3.70E+28,-3.70E+28,-3.70E+28,-3.70E+28,0,3,Missing,-3.70E+28,-3.70E+28,-3.70E+28,Missing,-3.70E+28,-3.70E+28,-3.70E+28,Missing,-3.70E+28,-3.70E+28,-3.70E+28,Port 0x02: JJH T tibia tracker  s/n:3E4C8800,791010859,1780409114,1,OK,0.694317,0.0257544,0.0046728,-0.7191931,253.171,-33.428,-1776.581,0.2060872,3,OK,253.079,-33.513,-1776.588,OK,164.467,3.964,-1777.705,OK,256.452,56.379,-1772.66,Port 0x03: JJH Y femur tracker  s/n:3E4C8801,791010859,1780409114,1,OK,0.8336376,0.0296117,0.5361787,-0.1291662,74.357,-88.262,-1707.966,0.4290452,3,OK,74.559,-88.13,-1708.33,OK,71.339,-0.268,-1662.587,OK,37.693,-70.962,-1623.514,,,,,,,,,,,,
4,Port 0x01: JJH Probe  s/n:3E4C880C,791010862,1780409114,1,Too Few Markers,-3.70E+28,-3.70E+28,-3.70E+28,-3.70E+28,-3.70E+28,-3.70E+28,-3.70E+28,0,3,Missing,-3.70E+28,-3.70E+28,-3.70E+28,Missing,-3.70E+28,-3.70E+28,-3.70E+28,Missing,-3.70E+28,-3.70E+28,-3.70E+28,Port 0x02: JJH T tibia tracker  s/n:3E4C8800,791010862,1780409114,1,OK,0.6943203,0.0253108,0.0043606,-0.7192077,253.203,-33.428,-1776.556,0.2056588,3,OK,253.117,-33.51,-1776.562,OK,164.493,3.966,-1777.701,OK,256.49,56.381,-1772.732,Port 0x03: JJH Y femur tracker  s/n:3E4C8801,791010862,1780409114,1,OK,0.8337081,0.0294182,0.5360639,-0.1292319,74.401,-88.28,-1707.947,0.4146449,3,OK,74.594,-88.134,-1708.286,OK,71.37,-0.263,-1662.618,OK,37.72,-70.965,-1623.523,,,,,,,,,,,,
4,Port 0x01: JJH Probe  s/n:3E4C880C,791010865,1780409114,1,Too Few Markers,-3.70E+28,-3.70E+28,-3.70E+28,-3.70E+28,-3.70E+28,-3.70E+28,-3.70E+28,0,3,Missing,-3.70E+28,-3.70E+28,-3.70E+28,Missing,-3.70E+28,-3.70E+28,-3.70E+28,Missing,-3.70E+28,-3.70E+28,-3.70E+28,Port 0x02: JJH T tibia tracker  s/n:3E4C8800,791010865,1780409114,1,OK,0.6943164,0.0254768,0.0043872,-0.7192054,253.189,-33.429,-1776.552,0.2040242,3,OK,253.099,-33.512,-1776.558,OK,164.487,3.966,-1777.704,OK,256.472,56.378,-1772.702,Port 0x03: JJH Y femur tracker  s/n:3E4C8801,791010865,1780409114,1,OK,0.833653,0.0293195,0.5361653,-0.1291891,74.384,-88.28,-1707.916,0.4438622,3,OK,74.591,-88.128,-1708.284,OK,71.35,-0.272,-1662.601,OK,37.705,-70.957,-1623.45,,,,,,,,,,,,
4,Port 0x01: JJH Probe  s/n:3E4C880C,791010868,1780409114,1,Too Few Markers,-3.70E+28,-3.70E+28,-3.70E+28,-3.70E+28,-3.70E+28,-3.70E+28,-3.70E+28,0,3,Missing,-3.70E+28,-3.70E+28,-3.70E+28,Missing,-3.70E+28,-3.70E+28,-3.70E+28,Missing,-3.70E+28,-3.70E+28,-3.70E+28,Port 0x02: JJH T tibia tracker  s/n:3E4C8800,791010868,1780409114,1,OK,0.6942989,0.024952,0.0036976,-0.7192446,253.163,-33.435,-1776.464,0.2054635,3,OK,253.059,-33.5,-1776.47,OK,164.47,3.958,-1777.699,OK,256.463,56.372,-1772.769,Port 0x03: JJH Y femur tracker  s/n:3E4C8801,791010868,1780409114,1,OK,0.8335401,0.0294138,0.536332,-0.1292042,74.357,-88.265,-1707.964,0.4571172,3,OK,74.572,-88.113,-1708.348,OK,71.357,-0.261,-1662.637,OK,37.702,-70.957,-1623.459,,,,,,,,,,,,
4,Port 0x01: JJH Probe  s/n:3E4C880C,791010871,1780409115,1,Too Few Markers,-3.70E+28,-3.70E+28,-3.70E+28,-3.70E+28,-3.70E+28,-3.70E+28,-3.70E+28,0,3,Missing,-3.70E+28,-3.70E+28,-3.70E+28,Missing,-3.70E+28,-3.70E+28,-3.70E+28,Missing,-3.70E+28,-3.70E+28,-3.70E+28,Port 0x02: JJH T tibia tracker  s/n:3E4C8800,791010871,1780409115,1,OK,0.6943006,0.0249877,0.0043358,-0.7192382,253.204,-33.428,-1776.519,0.2070786,3,OK,253.111,-33.509,-1776.525,OK,164.503,3.968,-1777.644,OK,256.5,56.383,-1772.739,Port 0x03: JJH Y femur tracker  s/n:3E4C8801,791010871,1780409115,1,OK,0.8337896,0.029489,0.5359273,-0.1292562,74.415,-88.276,-1707.917,0.3923614,3,OK,74.593,-88.116,-1708.218,OK,71.376,-0.274,-1662.585,OK,37.725,-70.963,-1623.543,,,,,,,,,,,,
4,Port 0x01: JJH Probe  s/n:3E4C880C,791010874,1780409115,1,Too Few Markers,-3.70E+28,-3.70E+28,-3.70E+28,-3.70E+28,-3.70E+28,-3.70E+28,-3.70E+28,0,3,Missing,-3.70E+28,-3.70E+28,-3.70E+28,Missing,-3.70E+28,-3.70E+28,-3.70E+28,Missing,-3.70E+28,-3.70E+28,-3.70E+28,Port 0x02: JJH T tibia tracker  s/n:3E4C8800,791010874,1780409115,1,OK,0.6942909,0.0245096,0.0038102,-0.7192669,253.18,-33.424,-1776.468,0.2080413,3,OK,253.085,-33.503,-1776.473,OK,164.481,3.976,-1777.649,OK,256.483,56.393,-1772.815,Port 0x03: JJH Y femur tracker  s/n:3E4C8801,791010874,1780409115,1,OK,0.8336034,0.0293884,0.5362156,-0.1292844,74.371,-88.272,-1707.941,0.4420553,3,OK,74.577,-88.12,-1708.307,OK,71.367,-0.259,-1662.627,OK,37.705,-70.95,-1623.468,,,,,,,,,,,,
4,Port 0x01: JJH Probe  s/n:3E4C880C,791010877,1780409115,1,Too Few Markers,-3.70E+28,-3.70E+28,-3.70E+28,-3.70E+28,-3.70E+28,-3.70E+28,-3.70E+28,0,3,Missing,-3.70E+28,-3.70E+28,-3.70E+28,Missing,-3.70E+28,-3.70E+28,-3.70E+28,Missing,-3.70E+28,-3.70E+28,-3.70E+28,Port 0x02: JJH T tibia tracker  s/n:3E4C8800,791010877,1780409115,1,OK,0.6942708,0.0246948,0.0040442,-0.7192787,253.164,-33.418,-1776.544,0.2087771,3,OK,253.071,-33.496,-1776.55,OK,164.463,3.986,-1777.698,OK,256.473,56.397,-1772.838,Port 0x03: JJH Y femur tracker  s/n:3E4C8801,791010877,1780409115,1,OK,0.8337638,0.0294279,0.5359517,-0.1293357,74.381,-88.274,-1707.919,0.4091084,3,OK,74.569,-88.115,-1708.241,OK,71.356,-0.26,-1662.61,OK,37.686,-70.948,-1623.517,,,,,,,,,,,,
4,Port 0x01: JJH Probe  s/n:3E4C880C,791010880,1780409115,1,Too Few Markers,-3.70E+28,-3.70E+28,-3.70E+28,-3.70E+28,-3.70E+28,-3.70E+28,-3.70E+28,0,3,Missing,-3.70E+28,-3.70E+28,-3.70E+28,Missing,-3.70E+28,-3.70E+28,-3.70E+28,Missing,-3.70E+28,-3.70E+28,-3.70E+28,Port 0x02: JJH T tibia tracker  s/n:3E4C8800,791010880,1780409115,1,OK,0.6942571,0.0245105,0.0039999,-0.7192985,253.194,-33.427,-1776.544,0.2062499,3,OK,253.097,-33.5,-1776.55,OK,164.501,3.98,-1777.692,OK,256.507,56.385,-1772.867,Port 0x03: JJH Y femur tracker  s/n:3E4C8801,791010880,1780409115,1,OK,0.833704,0.0293633,0.5360844,-0.1291857,74.411,-88.268,-1707.929,0.4184712,3,OK,74.606,-88.12,-1708.271,OK,71.371,-0.251,-1662.605,OK,37.729,-70.956,-1623.498,,,,,,,,,,,,
4,Port 0x01: JJH Probe  s/n:3E4C880C,791010883,1780409115,1,Too Few Markers,-3.70E+28,-3.70E+28,-3.70E+28,-3.70E+28,-3.70E+28,-3.70E+28,-3.70E+28,0,3,Missing,-3.70E+28,-3.70E+28,-3.70E+28,Missing,-3.70E+28,-3.70E+28,-3.70E+28,Missing,-3.70E+28,-3.70E+28,-3.70E+28,Port 0x02: JJH T tibia tracker  s/n:3E4C8800,791010883,1780409115,1,OK,0.6943223,0.0252088,0.0050469,-0.7192048,253.198,-33.408,-1776.67,0.2053154,3,OK,253.113,-33.496,-1776.676,OK,164.487,3.986,-1777.686,OK,256.482,56.4,-1772.773,Port 0x03: JJH Y femur tracker  s/n:3E4C8801,791010883,1780409115,1,OK,0.8336194,0.0293962,0.5362058,-0.1292204,74.372,-88.262,-1707.969,0.4348393,3,OK,74.574,-88.104,-1708.323,OK,71.358,-0.255,-1662.652,OK,37.705,-70.954,-1623.506,,,,,,,,,,,,
4,Port 0x01: JJH Probe  s/n:3E4C880C,791010886,1780409115,1,Too Few Markers,-3.70E+28,-3.70E+28,-3.70E+28,-3.70E+28,-3.70E+28,-3.70E+28,-3.70E+28,0,3,Missing,-3.70E+28,-3.70E+28,-3.70E+28,Missing,-3.70E+28,-3.70E+28,-3.70E+28,Missing,-3.70E+28,-3.70E+28,-3.70E+28,Port 0x02: JJH T tibia tracker  s/n:3E4C8800,791010886,1780409115,1,OK,0.694297,0.025405,0.0050592,-0.7192223,253.199,-33.419,-1776.661,0.1997955,3,OK,253.122,-33.52,-1776.667,OK,164.497,3.993,-1777.688,OK,256.474,56.39,-1772.737,Port 0x03: JJH Y femur tracker  s/n:3E4C8801,791010886,1780409115,1,OK,0.8336861,0.0294393,0.5361006,-0.1292167,74.395,-88.259,-1707.929,0.4181941,3,OK,74.589,-88.11,-1708.269,OK,71.367,-0.253,-1662.596,OK,37.72,-70.947,-1623.5,,,,,,,,,,,,
4,Port 0x01: JJH Probe  s/n:3E4C880C,791010889,1780409115,1,Too Few Markers,-3.70E+28,-3.70E+28,-3.70E+28,-3.70E+28,-3.70E+28,-3.70E+28,-3.70E+28,0,3,Missing,-3.70E+28,-3.70E+28,-3.70E+28,Missing,-3.70E+28,-3.70E+28,-3.70E+28,Missing,-3.70E+28,-3.70E+28,-3.70E+28,Port 0x02: JJH T tibia tracker  s/n:3E4C8800,791010889,1780409115,1,OK,0.6943247,0.0252357,0.0042454,-0.7192067,253.171,-33.414,-1776.533,0.2060328,3,OK,253.08,-33.489,-1776.539,OK,164.462,3.975,-1777.693,OK,256.461,56.392,-1772.732,Port 0x03: JJH Y femur tracker  s/n:3E4C8801,791010889,1780409115,1,OK,0.8336374,0.0293499,0.5361898,-0.1291814,74.374,-88.263,-1707.972,0.4586688,3,OK,74.59,-88.116,-1708.361,OK,71.347,-0.251,-1662.655,OK,37.687,-70.948,-1623.479,,,,,,,,,,,,
4,Port 0x01: JJH Probe  s/n:3E4C880C,791010892,1780409115,1,Too Few Markers,-3.70E+28,-3.70E+28,-3.70E+28,-3.70E+28,-3.70E+28,-3.70E+28,-3.70E+28,0,3,Missing,-3.70E+28,-3.70E+28,-3.70E+28,Missing,-3.70E+28,-3.70E+28,-3.70E+28,Missing,-3.70E+28,-3.70E+28,-3.70E+28,Port 0x02: JJH T tibia tracker  s/n:3E4C8800,791010892,1780409115,1,OK,0.6943275,0.0252652,0.0042947,-0.7192027,253.176,-33.402,-1776.543,0.2008253,3,OK,253.09,-33.486,-1776.549,OK,164.472,3.995,-1777.696,OK,256.455,56.404,-1772.733,Port 0x03: JJH Y femur tracker  s/n:3E4C8801,791010892,1780409115,1,OK,0.8335681,0.0294748,0.5362861,-0.1292003,74.356,-88.249,-1707.981,0.4543664,3,OK,74.57,-88.102,-1708.364,OK,71.352,-0.249,-1662.642,OK,37.694,-70.943,-1623.484,,,,,,,,,,,,
4,Port 0x01: JJH Probe  s/n:3E4C880C,791010895,1780409115,1,Too Few Markers,-3.70E+28,-3.70E+28,-3.70E+28,-3.70E+28,-3.70E+28,-3.70E+28,-3.70E+28,0,3,Missing,-3.70E+28,-3.70E+28,-3.70E+28,Missing,-3.70E+28,-3.70E+28,-3.70E+28,Missing,-3.70E+28,-3.70E+28,-3.70E+28,Port 0x02: JJH T tibia tracker  s/n:3E4C8800,791010895,1780409115,1,OK,0.694296,0.025217,0.0040377,-0.7192363,253.206,-33.407,-1776.545,0.2015828,3,OK,253.118,-33.48,-1776.551,OK,164.502,3.994,-1777.74,OK,256.5,56.395,-1772.773,Port 0x03: JJH Y femur tracker  s/n:3E4C8801,791010895,1780409115,1,OK,0.8337224,0.0293813,0.5360304,-0.1292868,74.408,-88.269,-1707.926,0.4049357,3,OK,74.593,-88.108,-1708.242,OK,71.382,-0.253,-1662.618,OK,37.727,-70.952,-1623.52,,,,,,,,,,,,
4,Port 0x01: JJH Probe  s/n:3E4C880C,791010898,1780409115,1,Too Few Markers,-3.70E+28,-3.70E+28,-3.70E+28,-3.70E+28,-3.70E+28,-3.70E+28,-3.70E+28,0,3,Missing,-3.70E+28,-3.70E+28,-3.70E+28,Missing,-3.70E+28,-3.70E+28,-3.70E+28,Missing,-3.70E+28,-3.70E+28,-3.70E+28,Port 0x02: JJH T tibia tracker  s/n:3E4C8800,791010898,1780409115,1,OK,0.6942774,0.0251628,0.0039506,-0.7192567,253.202,-33.419,-1776.511,0.2049399,3,OK,253.112,-33.507,-1776.518,OK,164.506,3.989,-1777.717,OK,256.495,56.395,-1772.757,Port 0x03: JJH Y femur tracker  s/n:3E4C8801,791010898,1780409115,1,OK,0.8336829,0.0293626,0.5360945,-0.1292798,74.4,-88.26,-1707.934,0.4162659,3,OK,74.591,-88.096,-1708.262,OK,71.381,-0.246,-1662.631,OK,37.724,-70.943,-1623.507,,,,,,,,,,,,
4,Port 0x01: JJH Probe  s/n:3E4C880C,791010901,1780409115,1,Too Few Markers,-3.70E+28,-3.70E+28,-3.70E+28,-3.70E+28,-3.70E+28,-3.70E+28,-3.70E+28,0,3,Missing,-3.70E+28,-3.70E+28,-3.70E+28,Missing,-3.70E+28,-3.70E+28,-3.70E+28,Missing,-3.70E+28,-3.70E+28,-3.70E+28,Port 0x02: JJH T tibia tracker  s/n:3E4C8800,791010901,1780409115,1,OK,0.6942634,0.0251481,0.0041837,-0.7192694,253.168,-33.41,-1776.546,0.2061138,3,OK,253.071,-33.487,-1776.552,OK,164.474,3.994,-1777.71,OK,256.471,56.399,-1772.765,Port 0x03: JJH Y femur tracker  s/n:3E4C8801,791010901,1780409115,1,OK,0.8338433,0.0293884,0.5358426,-0.1292842,74.406,-88.268,-1707.886,0.3844831,3,OK,74.579,-88.105,-1708.176,OK,71.356,-0.252,-1662.579,OK,37.703,-70.947,-1623.53,,,,,,,,,,,,
4,Port 0x01: JJH Probe  s/n:3E4C880C,791010904,1780409115,1,Too Few Markers,-3.70E+28,-3.70E+28,-3.70E+28,-3.70E+28,-3.70E+28,-3.70E+28,-3.70E+28,0,3,Missing,-3.70E+28,-3.70E+28,-3.70E+28,Missing,-3.70E+28,-3.70E+28,-3.70E+28,Missing,-3.70E+28,-3.70E+28,-3.70E+28,Port 0x02: JJH T tibia tracker  s/n:3E4C8800,791010904,1780409115,1,OK,0.6943199,0.0252467,0.0049022,-0.7192068,253.187,-33.408,-1776.653,0.198743,3,OK,253.111,-33.497,-1776.659,OK,164.474,3.994,-1777.697,OK,256.464,56.394,-1772.77,Port 0x03: JJH Y femur tracker  s/n:3E4C8801,791010904,1780409115,1,OK,0.8336892,0.0293741,0.5361011,-0.1292096,74.384,-88.256,-1707.944,0.4370203,3,OK,74.587,-88.093,-1708.295,OK,71.354,-0.253,-1662.634,OK,37.696,-70.944,-1623.49,,,,,,,,,,,,
4,Port 0x01: JJH Probe  s/n:3E4C880C,791010907,1780409115,1,Too Few Markers,-3.70E+28,-3.70E+28,-3.70E+28,-3.70E+28,-3.70E+28,-3.70E+28,-3.70E+28,0,3,Missing,-3.70E+28,-3.70E+28,-3.70E+28,Missing,-3.70E+28,-3.70E+28,-3.70E+28,Missing,-3.70E+28,-3.70E+28,-3.70E+28,Port 0x02: JJH T tibia tracker  s/n:3E4C8800,791010907,1780409115,1,OK,0.6943137,0.0252903,0.0043481,-0.7192149,253.183,-33.406,-1776.537,0.198513,3,OK,253.101,-33.492,-1776.543,OK,164.478,3.998,-1777.682,OK,256.461,56.399,-1772.717,Port 0x03: JJH Y femur tracker  s/n:3E4C8801,791010907,1780409115,1,OK,0.8336659,0.0294216,0.5361325,-0.1292189,74.38,-88.255,-1707.974,0.423976,3,OK,74.577,-88.103,-1708.318,OK,71.356,-0.248,-1662.647,OK,37.707,-70.945,-1623.533,,,,,,,,,,,,
4,Port 0x01: JJH Probe  s/n:3E4C880C,791010910,1780409115,1,Too Few Markers,-3.70E+28,-3.70E+28,-3.70E+28,-3.70E+28,-3.70E+28,-3.70E+28,-3.70E+28,0,3,Missing,-3.70E+28,-3.70E+28,-3.70E+28,Missing,-3.70E+28,-3.70E+28,-3.70E+28,Missing,-3.70E+28,-3.70E+28,-3.70E+28,Port 0x02: JJH T tibia tracker  s/n:3E4C8800,791010910,1780409115,1,OK,0.6942413,0.024647,0.0036041,-0.7193112,253.192,-33.414,-1776.512,0.2030378,3,OK,253.097,-33.487,-1776.518,OK,164.501,4.001,-1777.74,OK,256.503,56.396,-1772.868,Port 0x03: JJH Y femur tracker  s/n:3E4C8801,791010910,1780409115,1,OK,0.8336702,0.0293989,0.5361313,-0.129201,74.399,-88.256,-1707.947,0.4273243,3,OK,74.599,-88.113,-1708.302,OK,71.367,-0.246,-1662.614,OK,37.725,-70.938,-1623.504,,,,,,,,,,,,
4,Port 0x01: JJH Probe  s/n:3E4C880C,791010913,1780409115,1,Too Few Markers,-3.70E+28,-3.70E+28,-3.70E+28,-3.70E+28,-3.70E+28,-3.70E+28,-3.70E+28,0,3,Missing,-3.70E+28,-3.70E+28,-3.70E+28,Missing,-3.70E+28,-3.70E+28,-3.70E+28,Missing,-3.70E+28,-3.70E+28,-3.70E+28,Port 0x02: JJH T tibia tracker  s/n:3E4C8800,791010913,1780409115,1,OK,0.6942934,0.024953,0.0041298,-0.7192475,253.214,-33.409,-1776.587,0.2035092,3,OK,253.133,-33.494,-1776.593,OK,164.503,3.997,-1777.746,OK,256.508,56.4,-1772.838,Port 0x03: JJH Y femur tracker  s/n:3E4C8801,791010913,1780409115,1,OK,0.8337083,0.0292477,0.536065,-0.1292647,74.406,-88.275,-1707.923,0.4197254,3,OK,74.598,-88.109,-1708.252,OK,71.37,-0.257,-1662.637,OK,37.722,-70.947,-1623.498,,,,,,,,,,,,
4,Port 0x01: JJH Probe  s/n:3E4C880C,791010916,1780409115,1,Too Few Markers,-3.70E+28,-3.70E+28,-3.70E+28,-3.70E+28,-3.70E+28,-3.70E+28,-3.70E+28,0,3,Missing,-3.70E+28,-3.70E+28,-3.70E+28,Missing,-3.70E+28,-3.70E+28,-3.70E+28,Missing,-3.70E+28,-3.70E+28,-3.70E+28,Port 0x02: JJH T tibia tracker  s/n:3E4C8800,791010916,1780409115,1,OK,0.6942618,0.0250234,0.0047273,-0.7192719,253.173,-33.393,-1776.735,0.2101466,3,OK,253.087,-33.485,-1776.742,OK,164.467,4.015,-1777.793,OK,256.477,56.423,-1772.902,Port 0x03: JJH Y femur tracker  s/n:3E4C8801,791010916,1780409115,1,OK,0.8335954,0.02924,0.5362393,-0.1292715,74.347,-88.273,-1707.946,0.4348976,3,OK,74.55,-88.119,-1708.302,OK,71.333,-0.248,-1662.653,OK,37.688,-70.943,-1623.481,,,,,,,,,,,,
4,Port 0x01: JJH Probe  s/n:3E4C880C,791010919,1780409115,1,Too Few Markers,-3.70E+28,-3.70E+28,-3.70E+28,-3.70E+28,-3.70E+28,-3.70E+28,-3.70E+28,0,3,Missing,-3.70E+28,-3.70E+28,-3.70E+28,Missing,-3.70E+28,-3.70E+28,-3.70E+28,Missing,-3.70E+28,-3.70E+28,-3.70E+28,Port 0x02: JJH T tibia tracker  s/n:3E4C8800,791010919,1780409115,1,OK,0.69428,0.0250655,0.004276,-0.7192556,253.212,-33.396,-1776.656,0.206153,3,OK,253.129,-33.486,-1776.662,OK,164.508,4.013,-1777.797,OK,256.508,56.419,-1772.874,Port 0x03: JJH Y femur tracker  s/n:3E4C8801,791010919,1780409115,1,OK,0.8336549,0.0292803,0.536157,-0.1292203,74.406,-88.272,-1707.963,0.4375367,3,OK,74.61,-88.116,-1708.321,OK,71.377,-0.254,-1662.664,OK,37.727,-70.952,-1623.502,,,,,,,,,,,,
4,Port 0x01: JJH Probe  s/n:3E4C880C,791010922,1780409115,1,Too Few Markers,-3.70E+28,-3.70E+28,-3.70E+28,-3.70E+28,-3.70E+28,-3.70E+28,-3.70E+28,0,3,Missing,-3.70E+28,-3.70E+28,-3.70E+28,Missing,-3.70E+28,-3.70E+28,-3.70E+28,Missing,-3.70E+28,-3.70E+28,-3.70E+28,Port 0x02: JJH T tibia tracker  s/n:3E4C8800,791010922,1780409115,1,OK,0.6942717,0.0251144,0.0047775,-0.7192588,253.209,-33.384,-1776.762,0.2009049,3,OK,253.132,-33.468,-1776.767,OK,164.497,4.028,-1777.818,OK,256.505,56.418,-1772.911,Port 0x03: JJH Y femur tracker  s/n:3E4C8801,791010922,1780409115,1,OK,0.8337019,0.0290235,0.5360542,-0.1294014,74.394,-88.296,-1707.899,0.42076,3,OK,74.585,-88.113,-1708.216,OK,71.37,-0.253,-1662.677,OK,37.708,-70.943,-1623.474,,,,,,,,,,,,
4,Port 0x01: JJH Probe  s/n:3E4C880C,791010925,1780409115,1,Too Few Markers,-3.70E+28,-3.70E+28,-3.70E+28,-3.70E+28,-3.70E+28,-3.70E+28,-3.70E+28,0,3,Missing,-3.70E+28,-3.70E+28,-3.70E+28,Missing,-3.70E+28,-3.70E+28,-3.70E+28,Missing,-3.70E+28,-3.70E+28,-3.70E+28,Port 0x02: JJH T tibia tracker  s/n:3E4C8800,791010925,1780409115,1,OK,0.694226,0.0243042,0.0040337,-0.7193353,253.165,-33.394,-1776.719,0.2061371,3,OK,253.075,-33.475,-1776.724,OK,164.468,4.025,-1777.845,OK,256.484,56.421,-1773.065,Port 0x03: JJH Y femur tracker  s/n:3E4C8801,791010925,1780409115,1,OK,0.8337072,0.0293082,0.5360611,-0.1292744,74.36,-88.279,-1707.965,0.4149027,3,OK,74.551,-88.12,-1708.294,OK,71.33,-0.259,-1662.667,OK,37.678,-70.955,-1623.544,,,,,,,,,,,,
4,Port 0x01: JJH Probe  s/n:3E4C880C,791010928,1780409115,1,Too Few Markers,-3.70E+28,-3.70E+28,-3.70E+28,-3.70E+28,-3.70E+28,-3.70E+28,-3.70E+28,0,3,Missing,-3.70E+28,-3.70E+28,-3.70E+28,Missing,-3.70E+28,-3.70E+28,-3.70E+28,Missing,-3.70E+28,-3.70E+28,-3.70E+28,Port 0x02: JJH T tibia tracker  s/n:3E4C8800,791010928,1780409115,1,OK,0.6942785,0.0249723,0.0046957,-0.7192577,253.22,-33.387,-1776.749,0.2099284,3,OK,253.126,-33.469,-1776.755,OK,164.517,4.012,-1777.809,OK,256.523,56.426,-1772.926,Port 0x03: JJH Y femur tracker  s/n:3E4C8801,791010928,1780409115,1,OK,0.8336746,0.0294921,0.5361303,-0.1291556,74.41,-88.261,-1707.975,0.4366869,3,OK,74.615,-88.117,-1708.341,OK,71.381,-0.259,-1662.628,OK,37.726,-70.961,-1623.515,,,,,,,,,,,,
4,Port 0x01: JJH Probe  s/n:3E4C880C,791010931,1780409116,1,Too Few Markers,-3.70E+28,-3.70E+28,-3.70E+28,-3.70E+28,-3.70E+28,-3.70E+28,-3.70E+28,0,3,Missing,-3.70E+28,-3.70E+28,-3.70E+28,Missing,-3.70E+28,-3.70E+28,-3.70E+28,Missing,-3.70E+28,-3.70E+28,-3.70E+28,Port 0x02: JJH T tibia tracker  s/n:3E4C8800,791010931,1780409116,1,OK,0.6942873,0.025157,0.0048942,-0.7192415,253.201,-33.4,-1776.744,0.2025308,3,OK,253.12,-33.484,-1776.75,OK,164.491,4.005,-1777.782,OK,256.494,56.404,-1772.872,Port 0x03: JJH Y femur tracker  s/n:3E4C8801,791010931,1780409116,1,OK,0.8336169,0.0293466,0.5362126,-0.1292196,74.383,-88.279,-1707.988,0.4416142,3,OK,74.59,-88.128,-1708.354,OK,71.364,-0.267,-1662.672,OK,37.714,-70.96,-1623.517,,,,,,,,,,,,
4,Port 0x01: JJH Probe  s/n:3E4C880C,791010934,1780409116,1,Too Few Markers,-3.70E+28,-3.70E+28,-3.70E+28,-3.70E+28,-3.70E+28,-3.70E+28,-3.70E+28,0,3,Missing,-3.70E+28,-3.70E+28,-3.70E+28,Missing,-3.70E+28,-3.70E+28,-3.70E+28,Missing,-3.70E+28,-3.70E+28,-3.70E+28,Port 0x02: JJH T tibia tracker  s/n:3E4C8800,791010934,1780409116,1,OK,0.6942363,0.0250533,0.0043386,-0.7192979,253.154,-33.411,-1776.659,0.2081241,3,OK,253.063,-33.493,-1776.666,OK,164.455,4.002,-1777.788,OK,256.466,56.401,-1772.87,Port 0x03: JJH Y femur tracker  s/n:3E4C8801,791010934,1780409116,1,OK,0.8335902,0.0292587,0.5362582,-0.1292227,74.346,-88.276,-1707.94,0.4477126,3,OK,74.554,-88.116,-1708.306,OK,71.329,-0.261,-1662.646,OK,37.68,-70.955,-1623.457,,,,,,,,,,,,
4,Port 0x01: JJH Probe  s/n:3E4C880C,791010937,1780409116,1,Too Few Markers,-3.70E+28,-3.70E+28,-3.70E+28,-3.70E+28,-3.70E+28,-3.70E+28,-3.70E+28,0,3,Missing,-3.70E+28,-3.70E+28,-3.70E+28,Missing,-3.70E+28,-3.70E+28,-3.70E+28,Missing,-3.70E+28,-3.70E+28,-3.70E+28,Port 0x02: JJH T tibia tracker  s/n:3E4C8800,791010937,1780409116,1,OK,0.6942904,0.0248346,0.0042936,-0.7192535,253.223,-33.421,-1776.588,0.209702,3,OK,253.132,-33.506,-1776.594,OK,164.518,3.979,-1777.708,OK,256.523,56.395,-1772.833,Port 0x03: JJH Y femur tracker  s/n:3E4C8801,791010937,1780409116,1,OK,0.833631,0.0294864,0.5361856,-0.1292091,74.393,-88.273,-1707.969,0.4400771,3,OK,74.599,-88.124,-1708.335,OK,71.378,-0.274,-1662.628,OK,37.722,-70.964,-1623.503,,,,,,,,,,,,
4,Port 0x01: JJH Probe  s/n:3E4C880C,791010940,1780409116,1,Too Few Markers,-3.70E+28,-3.70E+28,-3.70E+28,-3.70E+28,-3.70E+28,-3.70E+28,-3.70E+28,0,3,Missing,-3.70E+28,-3.70E+28,-3.70E+28,Missing,-3.70E+28,-3.70E+28,-3.70E+28,Missing,-3.70E+28,-3.70E+28,-3.70E+28,Port 0x02: JJH T tibia tracker  s/n:3E4C8800,791010940,1780409116,1,OK,0.6942367,0.0250402,0.0041565,-0.7192991,253.196,-33.415,-1776.588,0.2063826,3,OK,253.104,-33.495,-1776.594,OK,164.501,3.999,-1777.749,OK,256.506,56.396,-1772.824,Port 0x03: JJH Y femur tracker  s/n:3E4C8801,791010940,1780409116,1,OK,0.8335913,0.029581,0.536253,-0.1291634,74.378,-88.262,-1708.001,0.45648,3,OK,74.593,-88.12,-1708.39,OK,71.37,-0.274,-1662.637,OK,37.71,-70.963,-1623.505,,,,,,,,,,,,
4,Port 0x01: JJH Probe  s/n:3E4C880C,791010943,1780409116,1,Too Few Markers,-3.70E+28,-3.70E+28,-3.70E+28,-3.70E+28,-3.70E+28,-3.70E+28,-3.70E+28,0,3,Missing,-3.70E+28,-3.70E+28,-3.70E+28,Missing,-3.70E+28,-3.70E+28,-3.70E+28,Missing,-3.70E+28,-3.70E+28,-3.70E+28,Port 0x02: JJH T tibia tracker  s/n:3E4C8800,791010943,1780409116,1,OK,0.6942892,0.025454,0.0051637,-0.7192273,253.18,-33.412,-1776.664,0.2058115,3,OK,253.094,-33.499,-1776.671,OK,164.472,3.989,-1777.678,OK,256.47,56.394,-1772.721,Port 0x03: JJH Y femur tracker  s/n:3E4C8801,791010943,1780409116,1,OK,0.833749,0.0293384,0.5359966,-0.1292655,74.376,-88.287,-1707.899,0.4209637,3,OK,74.57,-88.123,-1708.232,OK,71.34,-0.273,-1662.602,OK,37.678,-70.965,-1623.477,,,,,,,,,,,,
4,Port 0x01: JJH Probe  s/n:3E4C880C,791010946,1780409116,1,Too Few Markers,-3.70E+28,-3.70E+28,-3.70E+28,-3.70E+28,-3.70E+28,-3.70E+28,-3.70E+28,0,3,Missing,-3.70E+28,-3.70E+28,-3.70E+28,Missing,-3.70E+28,-3.70E+28,-3.70E+28,Missing,-3.70E+28,-3.70E+28,-3.70E+28,Port 0x02: JJH T tibia tracker  s/n:3E4C8800,791010946,1780409116,1,OK,0.6942571,0.0247455,0.0043188,-0.7192886,253.191,-33.443,-1776.521,0.2058219,3,OK,253.108,-33.528,-1776.526,OK,164.483,3.971,-1777.63,OK,256.497,56.37,-1772.774,Port 0x03: JJH Y femur tracker  s/n:3E4C8801,791010946,1780409116,1,OK,0.8337146,0.0295342,0.5360419,-0.1292546,74.371,-88.295,-1707.944,0.4230779,3,OK,74.569,-88.152,-1708.294,OK,71.35,-0.288,-1662.599,OK,37.683,-70.983,-1623.511,,,,,,,,,,,,
4,Port 0x01: JJH Probe  s/n:3E4C880C,791010949,1780409116,1,Too Few Markers,-3.70E+28,-3.70E+28,-3.70E+28,-3.70E+28,-3.70E+28,-3.70E+28,-3.70E+28,0,3,Missing,-3.70E+28,-3.70E+28,-3.70E+28,Missing,-3.70E+28,-3.70E+28,-3.70E+28,Missing,-3.70E+28,-3.70E+28,-3.70E+28,Port 0x02: JJH T tibia tracker  s/n:3E4C8800,791010949,1780409116,1,OK,0.694275,0.0251048,0.00477,-0.719256,253.115,-33.484,-1776.341,0.2095046,3,OK,253.015,-33.561,-1776.348,OK,164.418,3.913,-1777.398,OK,256.419,56.326,-1772.492,Port 0x03: JJH Y femur tracker  s/n:3E4C8801,791010949,1780409116,1,OK,0.8337154,0.0293679,0.5360453,-0.1292736,74.336,-88.302,-1707.912,0.4188712,3,OK,74.527,-88.133,-1708.238,OK,71.31,-0.294,-1662.611,OK,37.649,-70.984,-1623.489,,,,,,,,,,,,
4,Port 0x01: JJH Probe  s/n:3E4C880C,791010952,1780409116,1,Too Few Markers,-3.70E+28,-3.70E+28,-3.70E+28,-3.70E+28,-3.70E+28,-3.70E+28,-3.70E+28,0,3,Missing,-3.70E+28,-3.70E+28,-3.70E+28,Missing,-3.70E+28,-3.70E+28,-3.70E+28,Missing,-3.70E+28,-3.70E+28,-3.70E+28,Port 0x02: JJH T tibia tracker  s/n:3E4C8800,791010952,1780409116,1,OK,0.6943476,0.0247846,0.0057603,-0.7191898,253.157,-33.55,-1776.201,0.2126292,3,OK,253.076,-33.638,-1776.207,OK,164.426,3.832,-1777.059,OK,256.448,56.261,-1772.269,Port 0x03: JJH Y femur tracker  s/n:3E4C8801,791010952,1780409116,1,OK,0.8336921,0.029447,0.5360869,-0.1292335,74.369,-88.308,-1707.884,0.4281463,3,OK,74.568,-88.15,-1708.228,OK,71.345,-0.308,-1662.559,OK,37.686,-70.996,-1623.444,,,,,,,,,,,,
4,Port 0x01: JJH Probe  s/n:3E4C880C,791010955,1780409116,1,Too Few Markers,-3.70E+28,-3.70E+28,-3.70E+28,-3.70E+28,-3.70E+28,-3.70E+28,-3.70E+28,0,3,Missing,-3.70E+28,-3.70E+28,-3.70E+28,Missing,-3.70E+28,-3.70E+28,-3.70E+28,Missing,-3.70E+28,-3.70E+28,-3.70E+28,Port 0x02: JJH T tibia tracker  s/n:3E4C8800,791010955,1780409116,1,OK,0.6944001,0.025959,0.0058101,-0.7190972,253.108,-33.611,-1775.957,0.1993114,3,OK,253.025,-33.691,-1775.963,OK,164.387,3.761,-1776.895,OK,256.363,56.18,-1771.868,Port 0x03: JJH Y femur tracker  s/n:3E4C8801,791010955,1780409116,1,OK,0.8336058,0.0295542,0.5362,-0.1292957,74.349,-88.309,-1707.941,0.4543068,3,OK,74.564,-88.165,-1708.327,OK,71.358,-0.305,-1662.6,OK,37.675,-70.995,-1623.45,,,,,,,,,,,,
4,Port 0x01: JJH Probe  s/n:3E4C880C,791010958,1780409116,1,Too Few Markers,-3.70E+28,-3.70E+28,-3.70E+28,-3.70E+28,-3.70E+28,-3.70E+28,-3.70E+28,0,3,Missing,-3.70E+28,-3.70E+28,-3.70E+28,Missing,-3.70E+28,-3.70E+28,-3.70E+28,Missing,-3.70E+28,-3.70E+28,-3.70E+28,Port 0x02: JJH T tibia tracker  s/n:3E4C8800,791010958,1780409116,1,OK,0.694436,0.0267405,0.0065191,-0.7190279,253.047,-33.656,-1775.756,0.2027944,3,OK,252.964,-33.739,-1775.762,OK,164.316,3.701,-1776.628,OK,256.288,56.131,-1771.478,Port 0x03: JJH Y femur tracker  s/n:3E4C8801,791010958,1780409116,1,OK,0.8336257,0.0294901,0.5361897,-0.1292253,74.314,-88.315,-1707.943,0.4480489,3,OK,74.526,-88.177,-1708.326,OK,71.305,-0.304,-1662.602,OK,37.637,-71.006,-1623.461,,,,,,,,,,,,
4,Port 0x01: JJH Probe  s/n:3E4C880C,791010961,1780409116,1,Too Few Markers,-3.70E+28,-3.70E+28,-3.70E+28,-3.70E+28,-3.70E+28,-3.70E+28,-3.70E+28,0,3,Missing,-3.70E+28,-3.70E+28,-3.70E+28,Missing,-3.70E+28,-3.70E+28,-3.70E+28,Missing,-3.70E+28,-3.70E+28,-3.70E+28,Port 0x02: JJH T tibia tracker  s/n:3E4C8800,791010961,1780409116,1,OK,0.6944329,0.0269943,0.0066305,-0.7190204,253.057,-33.74,-1775.433,0.2073009,3,OK,252.964,-33.808,-1775.439,OK,164.324,3.606,-1776.306,OK,256.308,56.04,-1771.108,Port 0x03: JJH Y femur tracker  s/n:3E4C8801,791010961,1780409116,1,OK,0.8337206,0.0292031,0.5360251,-0.1293611,74.386,-88.353,-1707.845,0.4207312,3,OK,74.577,-88.174,-1708.165,OK,71.361,-0.331,-1662.586,OK,37.697,-71.012,-1623.424,,,,,,,,,,,,
4,Port 0x01: JJH Probe  s/n:3E4C880C,791010964,1780409116,1,Too Few Markers,-3.70E+28,-3.70E+28,-3.70E+28,-3.70E+28,-3.70E+28,-3.70E+28,-3.70E+28,0,3,Missing,-3.70E+28,-3.70E+28,-3.70E+28,Missing,-3.70E+28,-3.70E+28,-3.70E+28,Missing,-3.70E+28,-3.70E+28,-3.70E+28,Port 0x02: JJH T tibia tracker  s/n:3E4C8800,791010964,1780409116,1,OK,0.6944834,0.0280948,0.0077409,-0.7189183,253.026,-33.818,-1775.259,0.2030898,3,OK,252.939,-33.892,-1775.265,OK,164.286,3.513,-1776.019,OK,256.247,55.949,-1770.654,Port 0x03: JJH Y femur tracker  s/n:3E4C8801,791010964,1780409116,1,OK,0.8336568,0.0293683,0.5361262,-0.1293153,74.358,-88.344,-1707.866,0.4283985,3,OK,74.555,-88.179,-1708.206,OK,71.348,-0.334,-1662.566,OK,37.684,-71.019,-1623.423,,,,,,,,,,,,
4,Port 0x01: JJH Probe  s/n:3E4C880C,791010967,1780409116,1,Too Few Markers,-3.70E+28,-3.70E+28,-3.70E+28,-3.70E+28,-3.70E+28,-3.70E+28,-3.70E+28,0,3,Missing,-3.70E+28,-3.70E+28,-3.70E+28,Missing,-3.70E+28,-3.70E+28,-3.70E+28,Missing,-3.70E+28,-3.70E+28,-3.70E+28,Port 0x02: JJH T tibia tracker  s/n:3E4C8800,791010967,1780409116,1,OK,0.6943338,0.0280365,0.008024,-0.719062,253.033,-33.937,-1775.012,0.2147235,3,OK,252.935,-34.02,-1775.019,OK,164.312,3.422,-1775.716,OK,256.298,55.844,-1770.377,Port 0x03: JJH Y femur tracker  s/n:3E4C8801,791010967,1780409116,1,OK,0.8336079,0.0294726,0.5362117,-0.1292525,74.331,-88.341,-1707.862,0.4491907,3,OK,74.541,-88.19,-1708.236,OK,71.328,-0.338,-1662.533,OK,37.659,-71.029,-1623.379,,,,,,,,,,,,
4,Port 0x01: JJH Probe  s/n:3E4C880C,791010970,1780409116,1,Too Few Markers,-3.70E+28,-3.70E+28,-3.70E+28,-3.70E+28,-3.70E+28,-3.70E+28,-3.70E+28,0,3,Missing,-3.70E+28,-3.70E+28,-3.70E+28,Missing,-3.70E+28,-3.70E+28,-3.70E+28,Missing,-3.70E+28,-3.70E+28,-3.70E+28,Port 0x02: JJH T tibia tracker  s/n:3E4C8800,791010970,1780409116,1,OK,0.6938206,0.0292835,0.0085143,-0.7195019,253.268,-34.088,-1774.95,0.2024913,3,OK,253.183,-34.166,-1774.957,OK,164.594,3.403,-1775.657,OK,256.639,55.663,-1770.092,Port 0x03: JJH Y femur tracker  s/n:3E4C8801,791010970,1780409116,1,OK,0.8336911,0.0296382,0.5360542,-0.1293312,74.363,-88.385,-1707.884,0.4204403,3,OK,74.558,-88.232,-1708.223,OK,71.367,-0.386,-1662.538,OK,37.681,-71.08,-1623.451,,,,,,,,,,,,
4,Port 0x01: JJH Probe  s/n:3E4C880C,791010973,1780409116,1,Too Few Markers,-3.70E+28,-3.70E+28,-3.70E+28,-3.70E+28,-3.70E+28,-3.70E+28,-3.70E+28,0,3,Missing,-3.70E+28,-3.70E+28,-3.70E+28,Missing,-3.70E+28,-3.70E+28,-3.70E+28,Missing,-3.70E+28,-3.70E+28,-3.70E+28,Port 0x02: JJH T tibia tracker  s/n:3E4C8800,791010973,1780409116,1,OK,0.6936595,0.0286954,0.0083361,-0.719683,253.3,-34.137,-1774.839,0.2068632,3,OK,253.217,-34.219,-1774.846,OK,164.637,3.394,-1775.533,OK,256.721,55.621,-1770.079,Port 0x03: JJH Y femur tracker  s/n:3E4C8801,791010973,1780409116,1,OK,0.833648,0.0295546,0.5361231,-0.1293429,74.345,-88.395,-1707.843,0.4360519,3,OK,74.547,-88.232,-1708.193,OK,71.352,-0.402,-1662.514,OK,37.671,-71.075,-1623.39,,,,,,,,,,,,
4,Port 0x01: JJH Probe  s/n:3E4C880C,791010976,1780409116,1,Too Few Markers,-3.70E+28,-3.70E+28,-3.70E+28,-3.70E+28,-3.70E+28,-3.70E+28,-3.70E+28,0,3,Missing,-3.70E+28,-3.70E+28,-3.70E+28,Missing,-3.70E+28,-3.70E+28,-3.70E+28,Missing,-3.70E+28,-3.70E+28,-3.70E+28,Port 0x02: JJH T tibia tracker  s/n:3E4C8800,791010976,1780409116,1,OK,0.6936673,0.0300202,0.0091515,-0.7196115,253.279,-34.216,-1774.534,0.2070456,3,OK,253.194,-34.303,-1774.541,OK,164.617,3.307,-1775.183,OK,256.681,55.532,-1769.5,Port 0x03: JJH Y femur tracker  s/n:3E4C8801,791010976,1780409116,1,OK,0.833713,0.0296407,0.5360254,-0.1293088,74.343,-88.406,-1707.875,0.4319321,3,OK,74.545,-88.255,-1708.231,OK,71.342,-0.403,-1662.53,OK,37.645,-71.103,-1623.427,,,,,,,,,,,,
4,Port 0x01: JJH Probe  s/n:3E4C880C,791010979,1780409116,1,Too Few Markers,-3.70E+28,-3.70E+28,-3.70E+28,-3.70E+28,-3.70E+28,-3.70E+28,-3.70E+28,0,3,Missing,-3.70E+28,-3.70E+28,-3.70E+28,Missing,-3.70E+28,-3.70E+28,-3.70E+28,Missing,-3.70E+28,-3.70E+28,-3.70E+28,Port 0x02: JJH T tibia tracker  s/n:3E4C8800,791010979,1780409116,1,OK,0.6935616,0.0305701,0.01014,-0.719677,253.316,-34.288,-1774.417,0.2018168,3,OK,253.234,-34.373,-1774.425,OK,164.663,3.257,-1774.932,OK,256.734,55.443,-1769.189,Port 0x03: JJH Y femur tracker  s/n:3E4C8801,791010979,1780409116,1,OK,0.8337767,0.0292496,0.5358937,-0.1295332,74.394,-88.434,-1707.781,0.4090449,3,OK,74.575,-88.236,-1708.072,OK,71.392,-0.407,-1662.55,OK,37.691,-71.086,-1623.389,,,,,,,,,,,,
4,Port 0x01: JJH Probe  s/n:3E4C880C,791010982,1780409116,1,Too Few Markers,-3.70E+28,-3.70E+28,-3.70E+28,-3.70E+28,-3.70E+28,-3.70E+28,-3.70E+28,0,3,Missing,-3.70E+28,-3.70E+28,-3.70E+28,Missing,-3.70E+28,-3.70E+28,-3.70E+28,Missing,-3.70E+28,-3.70E+28,-3.70E+28,Port 0x02: JJH T tibia tracker  s/n:3E4C8800,791010982,1780409116,1,OK,0.6932271,0.0308997,0.0100961,-0.7199858,253.393,-34.445,-1774.056,0.208584,3,OK,253.294,-34.518,-1774.064,OK,164.78,3.169,-1774.602,OK,256.901,55.282,-1768.79,Port 0x03: JJH Y femur tracker  s/n:3E4C8801,791010982,1780409116,1,OK,0.8337073,0.0294623,0.5360277,-0.1293771,74.353,-88.449,-1707.815,0.4251793,3,OK,74.549,-88.282,-1708.15,OK,71.354,-0.433,-1662.515,OK,37.66,-71.132,-1623.377,,,,,,,,,,,,
4,Port 0x01: JJH Probe  s/n:3E4C880C,791010985,1780409116,1,Too Few Markers,-3.70E+28,-3.70E+28,-3.70E+28,-3.70E+28,-3.70E+28,-3.70E+28,-3.70E+28,0,3,Missing,-3.70E+28,-3.70E+28,-3.70E+28,Missing,-3.70E+28,-3.70E+28,-3.70E+28,Missing,-3.70E+28,-3.70E+28,-3.70E+28,Port 0x02: JJH T tibia tracker  s/n:3E4C8800,791010985,1780409116,1,OK,0.6929601,0.0312079,0.0105448,-0.720223,253.491,-34.551,-1773.993,0.2030443,3,OK,253.401,-34.627,-1774,OK,164.901,3.132,-1774.479,OK,257.056,55.164,-1768.63,Port 0x03: JJH Y femur tracker  s/n:3E4C8801,791010985,1780409116,1,OK,0.8336562,0.0300389,0.5361116,-0.1292257,74.374,-88.44,-1707.879,0.4437267,3,OK,74.585,-88.311,-1708.262,OK,71.392,-0.478,-1662.443,OK,37.694,-71.165,-1623.41,,,,,,,,,,,,
4,Port 0x01: JJH Probe  s/n:3E4C880C,791010988,1780409116,1,Too Few Markers,-3.70E+28,-3.70E+28,-3.70E+28,-3.70E+28,-3.70E+28,-3.70E+28,-3.70E+28,0,3,Missing,-3.70E+28,-3.70E+28,-3.70E+28,Missing,-3.70E+28,-3.70E+28,-3.70E+28,Missing,-3.70E+28,-3.70E+28,-3.70E+28,Port 0x02: JJH T tibia tracker  s/n:3E4C8800,791010988,1780409116,1,OK,0.6928673,0.0313412,0.0110538,-0.7202989,253.465,-34.648,-1773.775,0.2119101,3,OK,253.37,-34.719,-1773.782,OK,164.874,3.044,-1774.182,OK,257.064,55.064,-1768.331,Port 0x03: JJH Y femur tracker  s/n:3E4C8801,791010988,1780409116,1,OK,0.8337823,0.0295367,0.5358896,-0.1294485,74.379,-88.468,-1707.806,0.4191879,3,OK,74.571,-88.298,-1708.131,OK,71.38,-0.456,-1662.506,OK,37.667,-71.143,-1623.391,,,,,,,,,,,,
4,Port 0x01: JJH Probe  s/n:3E4C880C,791010991,1780409117,1,Too Few Markers,-3.70E+28,-3.70E+28,-3.70E+28,-3.70E+28,-3.70E+28,-3.70E+28,-3.70E+28,0,3,Missing,-3.70E+28,-3.70E+28,-3.70E+28,Missing,-3.70E+28,-3.70E+28,-3.70E+28,Missing,-3.70E+28,-3.70E+28,-3.70E+28,Port 0x02: JJH T tibia tracker  s/n:3E4C8800,791010991,1780409117,1,OK,0.692624,0.0368967,0.01601,-0.7201766,253.486,-35.279,-1772.468,0.2126796,3,OK,253.395,-35.359,-1772.477,OK,164.897,2.419,-1772.415,OK,257.075,54.349,-1765.687,Port 0x03: JJH Y femur tracker  s/n:3E4C8801,791010991,1780409117,1,OK,0.8337363,0.0296638,0.5359569,-0.1294374,74.398,-88.535,-1707.831,0.406293,3,OK,74.582,-88.365,-1708.142,OK,71.415,-0.532,-1662.507,OK,37.706,-71.228,-1623.425,,,,,,,,,,,,
4,Port 0x01: JJH Probe  s/n:3E4C880C,791010994,1780409117,1,Too Few Markers,-3.70E+28,-3.70E+28,-3.70E+28,-3.70E+28,-3.70E+28,-3.70E+28,-3.70E+28,0,3,Missing,-3.70E+28,-3.70E+28,-3.70E+28,Missing,-3.70E+28,-3.70E+28,-3.70E+28,Missing,-3.70E+28,-3.70E+28,-3.70E+28,Port 0x02: JJH T tibia tracker  s/n:3E4C8800,791010994,1780409117,1,OK,0.6905279,0.0416925,0.0200975,-0.7218234,254.232,-36.458,-1770.975,0.2122715,3,OK,254.133,-36.537,-1770.985,OK,165.847,1.691,-1770.536,OK,258.272,53.059,-1763.058,Port 0x03: JJH Y femur tracker  s/n:3E4C8801,791010994,1780409117,1,OK,0.8336139,0.0301359,0.5360657,-0.1296661,74.574,-88.775,-1707.813,0.4072876,3,OK,74.761,-88.617,-1708.134,OK,71.677,-0.793,-1662.427,OK,37.918,-71.475,-1623.39,,,,,,,,,,,,
4,Port 0x01: JJH Probe  s/n:3E4C880C,791010997,1780409117,1,Too Few Markers,-3.70E+28,-3.70E+28,-3.70E+28,-3.70E+28,-3.70E+28,-3.70E+28,-3.70E+28,0,3,Missing,-3.70E+28,-3.70E+28,-3.70E+28,Missing,-3.70E+28,-3.70E+28,-3.70E+28,Missing,-3.70E+28,-3.70E+28,-3.70E+28,Port 0x02: JJH T tibia tracker  s/n:3E4C8800,791010997,1780409117,1,OK,0.6883925,0.0400899,0.0180363,-0.724005,255.132,-36.849,-1771.557,0.2050041,3,OK,255.025,-36.907,-1771.565,OK,166.993,1.846,-1771.337,OK,259.725,52.664,-1764.097,Port 0x03: JJH Y femur tracker  s/n:3E4C8801,791010997,1780409117,1,OK,0.8334588,0.0301652,0.5362315,-0.1299704,74.707,-88.934,-1707.684,0.4012173,3,OK,74.89,-88.766,-1707.99,OK,71.884,-0.941,-1662.324,OK,38.101,-71.603,-1623.254,,,,,,,,,,,,
4,Port 0x01: JJH Probe  s/n:3E4C880C,791011000,1780409117,1,Too Few Markers,-3.70E+28,-3.70E+28,-3.70E+28,-3.70E+28,-3.70E+28,-3.70E+28,-3.70E+28,0,3,Missing,-3.70E+28,-3.70E+28,-3.70E+28,Missing,-3.70E+28,-3.70E+28,-3.70E+28,Missing,-3.70E+28,-3.70E+28,-3.70E+28,Port 0x02: JJH T tibia tracker  s/n:3E4C8800,791011000,1780409117,1,OK,0.6889935,0.0392289,0.0185734,-0.7234667,254.862,-36.492,-1771.994,0.1991837,3,OK,254.785,-36.573,-1772.003,OK,166.639,2.074,-1771.621,OK,259.307,53.034,-1764.582,Port 0x03: JJH Y femur tracker  s/n:3E4C8801,791011000,1780409117,1,OK,0.8334292,0.0301684,0.5362952,-0.1298964,74.639,-88.769,-1707.68,0.4045326,3,OK,74.826,-88.621,-1708.004,OK,71.802,-0.782,-1662.291,OK,38.047,-71.43,-1623.246,,,,,,,,,,,,
4,Port 0x01: JJH Probe  s/n:3E4C880C,791011003,1780409117,1,Too Few Markers,-3.70E+28,-3.70E+28,-3.70E+28,-3.70E+28,-3.70E+28,-3.70E+28,-3.70E+28,0,3,Missing,-3.70E+28,-3.70E+28,-3.70E+28,Missing,-3.70E+28,-3.70E+28,-3.70E+28,Missing,-3.70E+28,-3.70E+28,-3.70E+28,Port 0x02: JJH T tibia tracker  s/n:3E4C8800,791011003,1780409117,1,OK,0.6899817,0.0408907,0.0189207,-0.7224231,254.445,-36.446,-1771.337,0.2031105,3,OK,254.351,-36.514,-1771.346,OK,166.124,1.856,-1771.04,OK,258.629,53.07,-1763.67,Port 0x03: JJH Y femur tracker  s/n:3E4C8801,791011003,1780409117,1,OK,0.8334943,0.030212,0.5362288,-0.1297427,74.625,-88.714,-1707.819,0.4066018,3,OK,74.814,-88.574,-1708.151,OK,71.758,-0.734,-1662.407,OK,38.011,-71.398,-1623.385,,,,,,,,,,,,
4,Port 0x01: JJH Probe  s/n:3E4C880C,791011006,1780409117,1,Too Few Markers,-3.70E+28,-3.70E+28,-3.70E+28,-3.70E+28,-3.70E+28,-3.70E+28,-3.70E+28,0,3,Missing,-3.70E+28,-3.70E+28,-3.70E+28,Missing,-3.70E+28,-3.70E+28,-3.70E+28,Missing,-3.70E+28,-3.70E+28,-3.70E+28,Port 0x02: JJH T tibia tracker  s/n:3E4C8800,791011006,1780409117,1,OK,0.6912913,0.0448326,0.0233688,-0.7208053,253.938,-36.732,-1770.2,0.2121461,3,OK,253.836,-36.809,-1770.211,OK,165.456,1.174,-1769.429,OK,257.74,52.718,-1761.474,Port 0x03: JJH Y femur tracker  s/n:3E4C8801,791011006,1780409117,1,OK,0.8335097,0.0299762,0.5361889,-0.1298633,74.692,-88.749,-1707.733,0.403885,3,OK,74.876,-88.585,-1708.045,OK,71.827,-0.752,-1662.387,OK,38.073,-71.406,-1623.311,,,,,,,,,,,,
4,Port 0x01: JJH Probe  s/n:3E4C880C,791011009,1780409117,1,Too Few Markers,-3.70E+28,-3.70E+28,-3.70E+28,-3.70E+28,-3.70E+28,-3.70E+28,-3.70E+28,0,3,Missing,-3.70E+28,-3.70E+28,-3.70E+28,Missing,-3.70E+28,-3.70E+28,-3.70E+28,Missing,-3.70E+28,-3.70E+28,-3.70E+28,Port 0x02: JJH T tibia tracker  s/n:3E4C8800,791011009,1780409117,1,OK,0.6912891,0.0452456,0.0236052,-0.7207739,253.842,-36.796,-1769.91,0.2140951,3,OK,253.737,-36.872,-1769.921,OK,165.36,1.105,-1769.128,OK,257.639,52.649,-1761.101,Port 0x03: JJH Y femur tracker  s/n:3E4C8801,791011009,1780409117,1,OK,0.8334625,0.0297562,0.5362838,-0.1298247,74.614,-88.733,-1707.683,0.4174,3,OK,74.801,-88.542,-1707.99,OK,71.746,-0.731,-1662.389,OK,37.999,-71.395,-1623.235,,,,,,,,,,,,
4,Port 0x01: JJH Probe  s/n:3E4C880C,791011012,1780409117,1,Too Few Markers,-3.70E+28,-3.70E+28,-3.70E+28,-3.70E+28,-3.70E+28,-3.70E+28,-3.70E+28,0,3,Missing,-3.70E+28,-3.70E+28,-3.70E+28,Missing,-3.70E+28,-3.70E+28,-3.70E+28,Missing,-3.70E+28,-3.70E+28,-3.70E+28,Port 0x02: JJH T tibia tracker  s/n:3E4C8800,791011012,1780409117,1,OK,0.6913196,0.0453992,0.0237725,-0.7207295,253.886,-36.785,-1770.121,0.2109912,3,OK,253.793,-36.871,-1770.132,OK,165.392,1.113,-1769.322,OK,257.667,52.657,-1761.272,Port 0x03: JJH Y femur tracker  s/n:3E4C8801,791011012,1780409117,1,OK,0.8335459,0.0298273,0.5361327,-0.1298971,74.645,-88.769,-1707.73,0.4001351,3,OK,74.822,-88.575,-1708.014,OK,71.777,-0.765,-1662.435,OK,38.014,-71.427,-1623.32,,,,,,,,,,,,
4,Port 0x01: JJH Probe  s/n:3E4C880C,791011015,1780409117,1,Too Few Markers,-3.70E+28,-3.70E+28,-3.70E+28,-3.70E+28,-3.70E+28,-3.70E+28,-3.70E+28,0,3,Missing,-3.70E+28,-3.70E+28,-3.70E+28,Missing,-3.70E+28,-3.70E+28,-3.70E+28,Missing,-3.70E+28,-3.70E+28,-3.70E+28,Port 0x02: JJH T tibia tracker  s/n:3E4C8800,791011015,1780409117,1,OK,0.6912488,0.0452017,0.023285,-0.7208257,253.87,-36.765,-1770.01,0.2146257,3,OK,253.759,-36.832,-1770.02,OK,165.393,1.145,-1769.282,OK,257.682,52.679,-1761.247,Port 0x03: JJH Y femur tracker  s/n:3E4C8801,791011015,1780409117,1,OK,0.8334851,0.0299744,0.5362355,-0.1298291,74.617,-88.725,-1707.737,0.4003628,3,OK,74.799,-88.556,-1708.042,OK,71.757,-0.723,-1662.394,OK,38.003,-71.399,-1623.309,,,,,,,,,,,,
4,Port 0x01: JJH Probe  s/n:3E4C880C,791011018,1780409117,1,Too Few Markers,-3.70E+28,-3.70E+28,-3.70E+28,-3.70E+28,-3.70E+28,-3.70E+28,-3.70E+28,0,3,Missing,-3.70E+28,-3.70E+28,-3.70E+28,Missing,-3.70E+28,-3.70E+28,-3.70E+28,Missing,-3.70E+28,-3.70E+28,-3.70E+28,Port 0x02: JJH T tibia tracker  s/n:3E4C8800,791011018,1780409117,1,OK,0.6913623,0.0454869,0.022834,-0.7207133,253.808,-36.809,-1769.783,0.2168287,3,OK,253.702,-36.88,-1769.793,OK,165.314,1.079,-1769.158,OK,257.589,52.642,-1761.039,Port 0x03: JJH Y femur tracker  s/n:3E4C8801,791011018,1780409117,1,OK,0.8333867,0.0302373,0.5363979,-0.1297289,74.612,-88.703,-1707.754,0.4200212,3,OK,74.807,-88.552,-1708.094,OK,71.768,-0.735,-1662.342,OK,38.023,-71.398,-1623.286,,,,,,,,,,,,
4,Port 0x01: JJH Probe  s/n:3E4C880C,791011021,1780409117,1,Too Few Markers,-3.70E+28,-3.70E+28,-3.70E+28,-3.70E+28,-3.70E+28,-3.70E+28,-3.70E+28,0,3,Missing,-3.70E+28,-3.70E+28,-3.70E+28,Missing,-3.70E+28,-3.70E+28,-3.70E+28,Missing,-3.70E+28,-3.70E+28,-3.70E+28,Port 0x02: JJH T tibia tracker  s/n:3E4C8800,791011021,1780409117,1,OK,0.6918133,0.0462697,0.0247802,-0.7201662,253.676,-36.867,-1769.597,0.2125779,3,OK,253.583,-36.933,-1769.606,OK,165.111,0.884,-1768.693,OK,257.333,52.545,-1760.513,Port 0x03: JJH Y femur tracker  s/n:3E4C8801,791011021,1780409117,1,OK,0.8334811,0.0301187,0.5362624,-0.1297103,74.639,-88.714,-1707.758,0.4121289,3,OK,74.829,-88.561,-1708.088,OK,71.767,-0.734,-1662.367,OK,38.024,-71.402,-1623.314,,,,,,,,,,,,
4,Port 0x01: JJH Probe  s/n:3E4C880C,791011024,1780409117,1,Too Few Markers,-3.70E+28,-3.70E+28,-3.70E+28,-3.70E+28,-3.70E+28,-3.70E+28,-3.70E+28,0,3,Missing,-3.70E+28,-3.70E+28,-3.70E+28,Missing,-3.70E+28,-3.70E+28,-3.70E+28,Missing,-3.70E+28,-3.70E+28,-3.70E+28,Port 0x02: JJH T tibia tracker  s/n:3E4C8800,791011024,1780409117,1,OK,0.6920733,0.0474368,0.0254972,-0.7198154,253.537,-36.897,-1769.365,0.2052684,3,OK,253.451,-36.973,-1769.375,OK,164.944,0.785,-1768.425,OK,257.098,52.493,-1760.043,Port 0x03: JJH Y femur tracker  s/n:3E4C8801,791011024,1780409117,1,OK,0.8335483,0.0300063,0.5361613,-0.1297225,74.645,-88.698,-1707.732,0.4032843,3,OK,74.829,-88.536,-1708.046,OK,71.758,-0.706,-1662.37,OK,38.012,-71.382,-1623.308,,,,,,,,,,,,
4,Port 0x01: JJH Probe  s/n:3E4C880C,791011027,1780409117,1,Too Few Markers,-3.70E+28,-3.70E+28,-3.70E+28,-3.70E+28,-3.70E+28,-3.70E+28,-3.70E+28,0,3,Missing,-3.70E+28,-3.70E+28,-3.70E+28,Missing,-3.70E+28,-3.70E+28,-3.70E+28,Missing,-3.70E+28,-3.70E+28,-3.70E+28,Port 0x02: JJH T tibia tracker  s/n:3E4C8800,791011027,1780409117,1,OK,0.6926069,0.0494033,0.0270205,-0.719114,253.32,-36.947,-1768.99,0.211834,3,OK,253.225,-37.018,-1769.001,OK,164.658,0.564,-1767.94,OK,256.722,52.406,-1759.227,Port 0x03: JJH Y femur tracker  s/n:3E4C8801,791011027,1780409117,1,OK,0.8334105,0.0302484,0.5363899,-0.1296068,74.61,-88.659,-1707.793,0.4393056,3,OK,74.816,-88.513,-1708.159,OK,71.746,-0.696,-1662.368,OK,38,-71.369,-1623.297,,,,,,,,,,,,
4,Port 0x01: JJH Probe  s/n:3E4C880C,791011030,1780409117,1,Too Few Markers,-3.70E+28,-3.70E+28,-3.70E+28,-3.70E+28,-3.70E+28,-3.70E+28,-3.70E+28,0,3,Missing,-3.70E+28,-3.70E+28,-3.70E+28,Missing,-3.70E+28,-3.70E+28,-3.70E+28,Missing,-3.70E+28,-3.70E+28,-3.70E+28,Port 0x02: JJH T tibia tracker  s/n:3E4C8800,791011030,1780409117,1,OK,0.6932675,0.0503441,0.0278585,-0.7183798,252.986,-37.07,-1768.302,0.2127868,3,OK,252.874,-37.129,-1768.312,OK,164.266,0.253,-1767.186,OK,256.209,52.263,-1758.316,Port 0x03: JJH Y femur tracker  s/n:3E4C8801,791011030,1780409117,1,OK,0.8335245,0.0299749,0.5362025,-0.1297124,74.598,-88.656,-1707.716,0.3977393,3,OK,74.779,-88.495,-1708.023,OK,71.709,-0.663,-1662.352,OK,37.978,-71.336,-1623.298,,,,,,,,,,,,
4,Port 0x01: JJH Probe  s/n:3E4C880C,791011033,1780409117,1,Too Few Markers,-3.70E+28,-3.70E+28,-3.70E+28,-3.70E+28,-3.70E+28,-3.70E+28,-3.70E+28,0,3,Missing,-3.70E+28,-3.70E+28,-3.70E+28,Missing,-3.70E+28,-3.70E+28,-3.70E+28,Missing,-3.70E+28,-3.70E+28,-3.70E+28,Port 0x02: JJH T tibia tracker  s/n:3E4C8800,791011033,1780409117,1,OK,0.6939453,0.0533043,0.0303278,-0.7174112,252.67,-37.242,-1767.542,0.2073034,3,OK,252.555,-37.296,-1767.552,OK,163.866,-0.14,-1766.226,OK,255.663,52.013,-1756.871,Port 0x03: JJH Y femur tracker  s/n:3E4C8801,791011033,1780409117,1,OK,0.8334593,0.0298014,0.5363039,-0.1297521,74.581,-88.629,-1707.712,0.420176,3,OK,74.77,-88.439,-1708.023,OK,71.708,-0.633,-1662.404,OK,37.964,-71.305,-1623.257,,,,,,,,,,,,
4,Port 0x01: JJH Probe  s/n:3E4C880C,791011036,1780409117,1,Too Few Markers,-3.70E+28,-3.70E+28,-3.70E+28,-3.70E+28,-3.70E+28,-3.70E+28,-3.70E+28,0,3,Missing,-3.70E+28,-3.70E+28,-3.70E+28,Missing,-3.70E+28,-3.70E+28,-3.70E+28,Missing,-3.70E+28,-3.70E+28,-3.70E+28,Port 0x02: JJH T tibia tracker  s/n:3E4C8800,791011036,1780409117,1,OK,0.6945078,0.056205,0.0333384,-0.7165113,252.427,-37.525,-1766.917,0.2030345,3,OK,252.337,-37.59,-1766.928,OK,163.521,-0.619,-1765.303,OK,255.219,51.642,-1755.503,Port 0x03: JJH Y femur tracker  s/n:3E4C8801,791011036,1780409117,1,OK,0.833384,0.0299153,0.5364432,-0.1296338,74.609,-88.626,-1707.749,0.4280027,3,OK,74.807,-88.464,-1708.092,OK,71.737,-0.632,-1662.391,OK,38.009,-71.322,-1623.262,,,,,,,,,,,,
4,Port 0x01: JJH Probe  s/n:3E4C880C,791011039,1780409117,1,Too Few Markers,-3.70E+28,-3.70E+28,-3.70E+28,-3.70E+28,-3.70E+28,-3.70E+28,-3.70E+28,0,3,Missing,-3.70E+28,-3.70E+28,-3.70E+28,Missing,-3.70E+28,-3.70E+28,-3.70E+28,Missing,-3.70E+28,-3.70E+28,-3.70E+28,Port 0x02: JJH T tibia tracker  s/n:3E4C8800,791011039,1780409117,1,OK,0.6948407,0.0579025,0.0341037,-0.7160172,252.236,-37.712,-1766.297,0.2179244,3,OK,252.12,-37.759,-1766.307,OK,163.293,-0.936,-1764.687,OK,254.93,51.422,-1754.57,Port 0x03: JJH Y femur tracker  s/n:3E4C8801,791011039,1780409117,1,OK,0.8334099,0.0303272,0.5364183,-0.1294743,74.62,-88.59,-1707.757,0.4267944,3,OK,74.822,-88.465,-1708.124,OK,71.74,-0.626,-1662.291,OK,38.019,-71.322,-1623.271,,,,,,,,,,,,
4,Port 0x01: JJH Probe  s/n:3E4C880C,791011042,1780409117,1,Too Few Markers,-3.70E+28,-3.70E+28,-3.70E+28,-3.70E+28,-3.70E+28,-3.70E+28,-3.70E+28,0,3,Missing,-3.70E+28,-3.70E+28,-3.70E+28,Missing,-3.70E+28,-3.70E+28,-3.70E+28,Missing,-3.70E+28,-3.70E+28,-3.70E+28,Port 0x02: JJH T tibia tracker  s/n:3E4C8800,791011042,1780409117,1,OK,0.6951302,0.0590459,0.0351337,-0.7155929,252.12,-37.732,-1766.158,0.2097919,3,OK,252.009,-37.792,-1766.17,OK,163.147,-1.043,-1764.458,OK,254.703,51.37,-1754.158,Port 0x03: JJH Y femur tracker  s/n:3E4C8801,791011042,1780409117,1,OK,0.8333827,0.0300931,0.5364558,-0.1295491,74.583,-88.592,-1707.766,0.4358832,3,OK,74.787,-88.444,-1708.127,OK,71.707,-0.619,-1662.361,OK,37.983,-71.304,-1623.269,,,,,,,,,,,,
4,Port 0x01: JJH Probe  s/n:3E4C880C,791011045,1780409117,1,Too Few Markers,-3.70E+28,-3.70E+28,-3.70E+28,-3.70E+28,-3.70E+28,-3.70E+28,-3.70E+28,0,3,Missing,-3.70E+28,-3.70E+28,-3.70E+28,Missing,-3.70E+28,-3.70E+28,-3.70E+28,Missing,-3.70E+28,-3.70E+28,-3.70E+28,Port 0x02: JJH T tibia tracker  s/n:3E4C8800,791011045,1780409117,1,OK,0.6953311,0.0593212,0.0354159,-0.715361,252.054,-37.767,-1766.03,0.2150127,3,OK,251.938,-37.83,-1766.042,OK,163.062,-1.137,-1764.305,OK,254.583,51.336,-1753.959,Port 0x03: JJH Y femur tracker  s/n:3E4C8801,791011045,1780409117,1,OK,0.833454,0.0298887,0.5363359,-0.1296336,74.617,-88.607,-1707.751,0.4197583,3,OK,74.811,-88.448,-1708.087,OK,71.731,-0.604,-1662.398,OK,38,-71.301,-1623.283,,,,,,,,,,,,
4,Port 0x01: JJH Probe  s/n:3E4C880C,791011048,1780409117,1,Too Few Markers,-3.70E+28,-3.70E+28,-3.70E+28,-3.70E+28,-3.70E+28,-3.70E+28,-3.70E+28,0,3,Missing,-3.70E+28,-3.70E+28,-3.70E+28,Missing,-3.70E+28,-3.70E+28,-3.70E+28,Missing,-3.70E+28,-3.70E+28,-3.70E+28,Port 0x02: JJH T tibia tracker  s/n:3E4C8800,791011048,1780409117,1,OK,0.6956033,0.0593926,0.0366238,-0.7150295,251.907,-37.788,-1765.883,0.2102523,3,OK,251.802,-37.851,-1765.895,OK,162.871,-1.245,-1763.956,OK,254.365,51.288,-1753.655,Port 0x03: JJH Y femur tracker  s/n:3E4C8801,791011048,1780409117,1,OK,0.8335043,0.030001,0.5362717,-0.12955,74.6,-88.569,-1707.727,0.4164619,3,OK,74.791,-88.405,-1708.054,OK,71.697,-0.592,-1662.348,OK,37.974,-71.277,-1623.276,,,,,,,,,,,,
4,Port 0x01: JJH Probe  s/n:3E4C880C,791011051,1780409118,1,Too Few Markers,-3.70E+28,-3.70E+28,-3.70E+28,-3.70E+28,-3.70E+28,-3.70E+28,-3.70E+28,0,3,Missing,-3.70E+28,-3.70E+28,-3.70E+28,Missing,-3.70E+28,-3.70E+28,-3.70E+28,Missing,-3.70E+28,-3.70E+28,-3.70E+28,Port 0x02: JJH T tibia tracker  s/n:3E4C8800,791011051,1780409118,1,OK,0.695802,0.0606118,0.0373378,-0.7146969,251.805,-37.8,-1765.731,0.2121307,3,OK,251.706,-37.881,-1765.746,OK,162.74,-1.322,-1763.776,OK,254.181,51.256,-1753.258,Port 0x03: JJH Y femur tracker  s/n:3E4C8801,791011051,1780409118,1,OK,0.8335635,0.0296618,0.5361562,-0.1297251,74.605,-88.584,-1707.68,0.395876,3,OK,74.78,-88.392,-1707.96,OK,71.698,-0.574,-1662.393,OK,37.971,-71.256,-1623.273,,,,,,,,,,,,
4,Port 0x01: JJH Probe  s/n:3E4C880C,791011054,1780409118,1,Too Few Markers,-3.70E+28,-3.70E+28,-3.70E+28,-3.70E+28,-3.70E+28,-3.70E+28,-3.70E+28,0,3,Missing,-3.70E+28,-3.70E+28,-3.70E+28,Missing,-3.70E+28,-3.70E+28,-3.70E+28,Missing,-3.70E+28,-3.70E+28,-3.70E+28,Port 0x02: JJH T tibia tracker  s/n:3E4C8800,791011054,1780409118,1,OK,0.6959494,0.0608716,0.0372783,-0.7145344,251.769,-37.825,-1765.604,0.2084517,3,OK,251.665,-37.885,-1765.616,OK,162.688,-1.39,-1763.683,OK,254.108,51.214,-1753.107,Port 0x03: JJH Y femur tracker  s/n:3E4C8801,791011054,1780409118,1,OK,0.8334746,0.0295558,0.5362986,-0.1297323,74.598,-88.592,-1707.692,0.4156621,3,OK,74.782,-88.391,-1707.988,OK,71.706,-0.576,-1662.43,OK,37.976,-71.262,-1623.244,,,,,,,,,,,,
4,Port 0x01: JJH Probe  s/n:3E4C880C,791011057,1780409118,1,Too Few Markers,-3.70E+28,-3.70E+28,-3.70E+28,-3.70E+28,-3.70E+28,-3.70E+28,-3.70E+28,0,3,Missing,-3.70E+28,-3.70E+28,-3.70E+28,Missing,-3.70E+28,-3.70E+28,-3.70E+28,Missing,-3.70E+28,-3.70E+28,-3.70E+28,Port 0x02: JJH T tibia tracker  s/n:3E4C8800,791011057,1780409118,1,OK,0.6960324,0.0606377,0.0366756,-0.7145046,251.687,-37.805,-1765.584,0.2125233,3,OK,251.575,-37.867,-1765.596,OK,162.606,-1.38,-1763.753,OK,254.011,51.255,-1753.191,Port 0x03: JJH Y femur tracker  s/n:3E4C8801,791011057,1780409118,1,OK,0.8334424,0.0298673,0.5363655,-0.1295907,74.554,-88.545,-1707.715,0.4275599,3,OK,74.751,-88.38,-1708.054,OK,71.661,-0.555,-1662.363,OK,37.939,-71.239,-1623.24,,,,,,,,,,,,
4,Port 0x01: JJH Probe  s/n:3E4C880C,791011060,1780409118,1,Too Few Markers,-3.70E+28,-3.70E+28,-3.70E+28,-3.70E+28,-3.70E+28,-3.70E+28,-3.70E+28,0,3,Missing,-3.70E+28,-3.70E+28,-3.70E+28,Missing,-3.70E+28,-3.70E+28,-3.70E+28,Missing,-3.70E+28,-3.70E+28,-3.70E+28,Port 0x02: JJH T tibia tracker  s/n:3E4C8800,791011060,1780409118,1,OK,0.6962939,0.0604744,0.0366389,-0.7142655,251.634,-37.623,-1765.853,0.2089115,3,OK,251.525,-37.696,-1765.867,OK,162.535,-1.255,-1764.02,OK,253.887,51.446,-1753.487,Port 0x03: JJH Y femur tracker  s/n:3E4C8801,791011060,1780409118,1,OK,0.833552,0.0296417,0.5362034,-0.1296084,74.57,-88.516,-1707.754,0.3952073,3,OK,74.746,-88.332,-1708.04,OK,71.647,-0.506,-1662.451,OK,37.94,-71.201,-1623.341,,,,,,,,,,,,
4,Port 0x01: JJH Probe  s/n:3E4C880C,791011063,1780409118,1,Too Few Markers,-3.70E+28,-3.70E+28,-3.70E+28,-3.70E+28,-3.70E+28,-3.70E+28,-3.70E+28,0,3,Missing,-3.70E+28,-3.70E+28,-3.70E+28,Missing,-3.70E+28,-3.70E+28,-3.70E+28,Missing,-3.70E+28,-3.70E+28,-3.70E+28,Port 0x02: JJH T tibia tracker  s/n:3E4C8800,791011063,1780409118,1,OK,0.6964725,0.06064,0.0363104,-0.7140941,251.596,-37.573,-1765.886,0.2144136,3,OK,251.486,-37.648,-1765.9,OK,162.475,-1.247,-1764.127,OK,253.806,51.505,-1753.539,Port 0x03: JJH Y femur tracker  s/n:3E4C8801,791011063,1780409118,1,OK,0.8333847,0.0293513,0.5364815,-0.1295998,74.536,-88.526,-1707.738,0.4392814,3,OK,74.737,-88.34,-1708.076,OK,71.629,-0.492,-1662.485,OK,37.928,-71.196,-1623.237,,,,,,,,,,,,
4,Port 0x01: JJH Probe  s/n:3E4C880C,791011066,1780409118,1,Too Few Markers,-3.70E+28,-3.70E+28,-3.70E+28,-3.70E+28,-3.70E+28,-3.70E+28,-3.70E+28,0,3,Missing,-3.70E+28,-3.70E+28,-3.70E+28,Missing,-3.70E+28,-3.70E+28,-3.70E+28,Missing,-3.70E+28,-3.70E+28,-3.70E+28,Port 0x02: JJH T tibia tracker  s/n:3E4C8800,791011066,1780409118,1,OK,0.6964624,0.0605115,0.0360645,-0.7141273,251.542,-37.569,-1765.797,0.215105,3,OK,251.414,-37.629,-1765.81,OK,162.44,-1.243,-1764.072,OK,253.759,51.51,-1753.498,Port 0x03: JJH Y femur tracker  s/n:3E4C8801,791011066,1780409118,1,OK,0.8335368,0.0294731,0.536234,-0.1296182,74.537,-88.517,-1707.761,0.4163747,3,OK,74.724,-88.329,-1708.071,OK,71.61,-0.491,-1662.495,OK,37.895,-71.19,-1623.315,,,,,,,,,,,,
4,Port 0x01: JJH Probe  s/n:3E4C880C,791011069,1780409118,1,Too Few Markers,-3.70E+28,-3.70E+28,-3.70E+28,-3.70E+28,-3.70E+28,-3.70E+28,-3.70E+28,0,3,Missing,-3.70E+28,-3.70E+28,-3.70E+28,Missing,-3.70E+28,-3.70E+28,-3.70E+28,Missing,-3.70E+28,-3.70E+28,-3.70E+28,Port 0x02: JJH T tibia tracker  s/n:3E4C8800,791011069,1780409118,1,OK,0.6965088,0.0604014,0.0361079,-0.7140892,251.567,-37.549,-1765.827,0.2100645,3,OK,251.45,-37.61,-1765.839,OK,162.452,-1.229,-1764.086,OK,253.772,51.527,-1753.537,Port 0x03: JJH Y femur tracker  s/n:3E4C8801,791011069,1780409118,1,OK,0.8336188,0.0294524,0.5360965,-0.129664,74.561,-88.513,-1707.739,0.3951628,3,OK,74.736,-88.322,-1708.02,OK,71.623,-0.483,-1662.482,OK,37.909,-71.178,-1623.338,,,,,,,,,,,,
4,Port 0x01: JJH Probe  s/n:3E4C880C,791011072,1780409118,1,Too Few Markers,-3.70E+28,-3.70E+28,-3.70E+28,-3.70E+28,-3.70E+28,-3.70E+28,-3.70E+28,0,3,Missing,-3.70E+28,-3.70E+28,-3.70E+28,Missing,-3.70E+28,-3.70E+28,-3.70E+28,Missing,-3.70E+28,-3.70E+28,-3.70E+28,Port 0x02: JJH T tibia tracker  s/n:3E4C8800,791011072,1780409118,1,OK,0.696524,0.060581,0.0356165,-0.7140838,251.54,-37.552,-1765.764,0.2094012,3,OK,251.424,-37.616,-1765.777,OK,162.425,-1.226,-1764.123,OK,253.736,51.53,-1753.513,Port 0x03: JJH Y femur tracker  s/n:3E4C8801,791011072,1780409118,1,OK,0.8334693,0.0294591,0.5363606,-0.1295313,74.521,-88.497,-1707.721,0.4354804,3,OK,74.718,-88.302,-1708.046,OK,71.597,-0.484,-1662.453,OK,37.89,-71.184,-1623.238,,,,,,,,,,,,
4,Port 0x01: JJH Probe  s/n:3E4C880C,791011075,1780409118,1,Too Few Markers,-3.70E+28,-3.70E+28,-3.70E+28,-3.70E+28,-3.70E+28,-3.70E+28,-3.70E+28,0,3,Missing,-3.70E+28,-3.70E+28,-3.70E+28,Missing,-3.70E+28,-3.70E+28,-3.70E+28,Missing,-3.70E+28,-3.70E+28,-3.70E+28,Port 0x02: JJH T tibia tracker  s/n:3E4C8800,791011075,1780409118,1,OK,0.6965419,0.0602447,0.0359552,-0.7140779,251.523,-37.537,-1765.822,0.2094215,3,OK,251.418,-37.603,-1765.834,OK,162.395,-1.218,-1764.096,OK,253.725,51.544,-1753.571,Port 0x03: JJH Y femur tracker  s/n:3E4C8801,791011075,1780409118,1,OK,0.8335437,0.0295325,0.5362173,-0.1296294,74.522,-88.491,-1707.744,0.4152833,3,OK,74.708,-88.299,-1708.048,OK,71.597,-0.479,-1662.468,OK,37.884,-71.161,-1623.306,,,,,,,,,,,,
4,Port 0x01: JJH Probe  s/n:3E4C880C,791011078,1780409118,1,Too Few Markers,-3.70E+28,-3.70E+28,-3.70E+28,-3.70E+28,-3.70E+28,-3.70E+28,-3.70E+28,0,3,Missing,-3.70E+28,-3.70E+28,-3.70E+28,Missing,-3.70E+28,-3.70E+28,-3.70E+28,Missing,-3.70E+28,-3.70E+28,-3.70E+28,Port 0x02: JJH T tibia tracker  s/n:3E4C8800,791011078,1780409118,1,OK,0.6965972,0.0606556,0.0359275,-0.7139905,251.557,-37.522,-1765.842,0.2140234,3,OK,251.438,-37.585,-1765.855,OK,162.43,-1.225,-1764.155,OK,253.738,51.557,-1753.543,Port 0x03: JJH Y femur tracker  s/n:3E4C8801,791011078,1780409118,1,OK,0.8335086,0.0297488,0.5362784,-0.1295527,74.557,-88.483,-1707.836,0.4287576,3,OK,74.756,-88.322,-1708.181,OK,71.642,-0.474,-1662.503,OK,37.918,-71.177,-1623.362,,,,,,,,,,,,
4,Port 0x01: JJH Probe  s/n:3E4C880C,791011081,1780409118,1,Too Few Markers,-3.70E+28,-3.70E+28,-3.70E+28,-3.70E+28,-3.70E+28,-3.70E+28,-3.70E+28,0,3,Missing,-3.70E+28,-3.70E+28,-3.70E+28,Missing,-3.70E+28,-3.70E+28,-3.70E+28,Missing,-3.70E+28,-3.70E+28,-3.70E+28,Port 0x02: JJH T tibia tracker  s/n:3E4C8800,791011081,1780409118,1,OK,0.6966344,0.0605638,0.0354835,-0.7139842,251.486,-37.52,-1765.729,0.2227141,3,OK,251.352,-37.576,-1765.741,OK,162.365,-1.235,-1764.114,OK,253.669,51.573,-1753.495,Port 0x03: JJH Y femur tracker  s/n:3E4C8801,791011081,1780409118,1,OK,0.8335568,0.0295707,0.5361881,-0.1296567,74.536,-88.496,-1707.774,0.4196952,3,OK,74.725,-88.312,-1708.089,OK,71.614,-0.481,-1662.491,OK,37.889,-71.162,-1623.33,,,,,,,,,,,,
4,Port 0x01: JJH Probe  s/n:3E4C880C,791011084,1780409118,1,Too Few Markers,-3.70E+28,-3.70E+28,-3.70E+28,-3.70E+28,-3.70E+28,-3.70E+28,-3.70E+28,0,3,Missing,-3.70E+28,-3.70E+28,-3.70E+28,Missing,-3.70E+28,-3.70E+28,-3.70E+28,Missing,-3.70E+28,-3.70E+28,-3.70E+28,Port 0x02: JJH T tibia tracker  s/n:3E4C8800,791011084,1780409118,1,OK,0.6969266,0.0592329,0.035563,-0.7138067,251.402,-37.406,-1765.857,0.2035074,3,OK,251.292,-37.453,-1765.867,OK,162.243,-1.171,-1764.129,OK,253.53,51.685,-1753.788,Port 0x03: JJH Y femur tracker  s/n:3E4C8801,791011084,1780409118,1,OK,0.8334624,0.0296513,0.5363624,-0.1295245,74.473,-88.429,-1707.755,0.4309126,3,OK,74.672,-88.262,-1708.097,OK,71.552,-0.426,-1662.431,OK,37.852,-71.113,-1623.278,,,,,,,,,,,,
4,Port 0x01: JJH Probe  s/n:3E4C880C,791011087,1780409118,1,Too Few Markers,-3.70E+28,-3.70E+28,-3.70E+28,-3.70E+28,-3.70E+28,-3.70E+28,-3.70E+28,0,3,Missing,-3.70E+28,-3.70E+28,-3.70E+28,Missing,-3.70E+28,-3.70E+28,-3.70E+28,Missing,-3.70E+28,-3.70E+28,-3.70E+28,Port 0x02: JJH T tibia tracker  s/n:3E4C8800,791011087,1780409118,1,OK,0.6969256,0.0599458,0.0356395,-0.7137444,251.412,-37.459,-1765.736,0.2034214,3,OK,251.301,-37.506,-1765.747,OK,162.251,-1.23,-1764.05,OK,253.525,51.619,-1753.567,Port 0x03: JJH Y femur tracker  s/n:3E4C8801,791011087,1780409118,1,OK,0.8336299,0.0294597,0.5361183,-0.1295009,74.548,-88.461,-1707.738,0.4090784,3,OK,74.729,-88.262,-1708.029,OK,71.587,-0.45,-1662.469,OK,37.886,-71.148,-1623.318,,,,,,,,,,,,
4,Port 0x01: JJH Probe  s/n:3E4C880C,791011090,1780409118,1,Too Few Markers,-3.70E+28,-3.70E+28,-3.70E+28,-3.70E+28,-3.70E+28,-3.70E+28,-3.70E+28,0,3,Missing,-3.70E+28,-3.70E+28,-3.70E+28,Missing,-3.70E+28,-3.70E+28,-3.70E+28,Missing,-3.70E+28,-3.70E+28,-3.70E+28,Port 0x02: JJH T tibia tracker  s/n:3E4C8800,791011090,1780409118,1,OK,0.6969196,0.0602965,0.036094,-0.7136979,251.39,-37.442,-1765.825,0.2094696,3,OK,251.277,-37.506,-1765.838,OK,162.231,-1.221,-1764.085,OK,253.494,51.639,-1753.552,Port 0x03: JJH Y femur tracker  s/n:3E4C8801,791011090,1780409118,1,OK,0.8335795,0.0294966,0.5361731,-0.1295899,74.504,-88.458,-1707.76,0.4150989,3,OK,74.691,-88.27,-1708.067,OK,71.566,-0.439,-1662.487,OK,37.852,-71.133,-1623.323,,,,,,,,,,,,
4,Port 0x01: JJH Probe  s/n:3E4C880C,791011093,1780409118,1,Too Few Markers,-3.70E+28,-3.70E+28,-3.70E+28,-3.70E+28,-3.70E+28,-3.70E+28,-3.70E+28,0,3,Missing,-3.70E+28,-3.70E+28,-3.70E+28,Missing,-3.70E+28,-3.70E+28,-3.70E+28,Missing,-3.70E+28,-3.70E+28,-3.70E+28,Port 0x02: JJH T tibia tracker  s/n:3E4C8800,791011093,1780409118,1,OK,0.6969118,0.0603715,0.0367246,-0.713667,251.374,-37.453,-1765.83,0.2069089,3,OK,251.273,-37.527,-1765.844,OK,162.206,-1.235,-1763.985,OK,253.474,51.619,-1753.469,Port 0x03: JJH Y femur tracker  s/n:3E4C8801,791011093,1780409118,1,OK,0.8335925,0.0295103,0.5361597,-0.1295588,74.512,-88.457,-1707.732,0.4075749,3,OK,74.696,-88.274,-1708.034,OK,71.567,-0.438,-1662.449,OK,37.862,-71.135,-1623.306,,,,,,,,,,,,
4,Port 0x01: JJH Probe  s/n:3E4C880C,791011096,1780409118,1,Too Few Markers,-3.70E+28,-3.70E+28,-3.70E+28,-3.70E+28,-3.70E+28,-3.70E+28,-3.70E+28,0,3,Missing,-3.70E+28,-3.70E+28,-3.70E+28,Missing,-3.70E+28,-3.70E+28,-3.70E+28,Missing,-3.70E+28,-3.70E+28,-3.70E+28,Port 0x02: JJH T tibia tracker  s/n:3E4C8800,791011096,1780409118,1,OK,0.6969486,0.0600555,0.0354517,-0.7137221,251.401,-37.468,-1765.689,0.2023841,3,OK,251.284,-37.504,-1765.698,OK,162.244,-1.245,-1764.045,OK,253.507,51.605,-1753.531,Port 0x03: JJH Y femur tracker  s/n:3E4C8801,791011096,1780409118,1,OK,0.833572,0.0295297,0.536191,-0.1295569,74.523,-88.465,-1707.77,0.4256694,3,OK,74.716,-88.28,-1708.093,OK,71.583,-0.451,-1662.487,OK,37.868,-71.143,-1623.317,,,,,,,,,,,,
4,Port 0x01: JJH Probe  s/n:3E4C880C,791011099,1780409118,1,Too Few Markers,-3.70E+28,-3.70E+28,-3.70E+28,-3.70E+28,-3.70E+28,-3.70E+28,-3.70E+28,0,3,Missing,-3.70E+28,-3.70E+28,-3.70E+28,Missing,-3.70E+28,-3.70E+28,-3.70E+28,Missing,-3.70E+28,-3.70E+28,-3.70E+28,Port 0x02: JJH T tibia tracker  s/n:3E4C8800,791011099,1780409118,1,OK,0.6969427,0.0598237,0.0355366,-0.7137431,251.379,-37.46,-1765.675,0.205804,3,OK,251.273,-37.509,-1765.686,OK,162.209,-1.232,-1763.998,OK,253.494,51.624,-1753.534,Port 0x03: JJH Y femur tracker  s/n:3E4C8801,791011099,1780409118,1,OK,0.8336347,0.0295283,0.5360959,-0.1295471,74.522,-88.458,-1707.778,0.3956558,3,OK,74.699,-88.281,-1708.072,OK,71.564,-0.438,-1662.484,OK,37.868,-71.132,-1623.376,,,,,,,,,,,,
4,Port 0x01: JJH Probe  s/n:3E4C880C,791011102,1780409118,1,Too Few Markers,-3.70E+28,-3.70E+28,-3.70E+28,-3.70E+28,-3.70E+28,-3.70E+28,-3.70E+28,0,3,Missing,-3.70E+28,-3.70E+28,-3.70E+28,Missing,-3.70E+28,-3.70E+28,-3.70E+28,Missing,-3.70E+28,-3.70E+28,-3.70E+28,Port 0x02: JJH T tibia tracker  s/n:3E4C8800,791011102,1780409118,1,OK,0.6969294,0.0600758,0.0359862,-0.7137123,251.39,-37.471,-1765.742,0.2035785,3,OK,251.288,-37.533,-1765.754,OK,162.223,-1.243,-1764.004,OK,253.494,51.608,-1753.512,Port 0x03: JJH Y femur tracker  s/n:3E4C8801,791011102,1780409118,1,OK,0.8335627,0.0296531,0.536198,-0.1295593,74.517,-88.452,-1707.792,0.4289584,3,OK,74.715,-88.287,-1708.134,OK,71.586,-0.436,-1662.48,OK,37.861,-71.136,-1623.328,,,,,,,,,,,,
4,Port 0x01: JJH Probe  s/n:3E4C880C,791011105,1780409118,1,Too Few Markers,-3.70E+28,-3.70E+28,-3.70E+28,-3.70E+28,-3.70E+28,-3.70E+28,-3.70E+28,0,3,Missing,-3.70E+28,-3.70E+28,-3.70E+28,Missing,-3.70E+28,-3.70E+28,-3.70E+28,Missing,-3.70E+28,-3.70E+28,-3.70E+28,Port 0x02: JJH T tibia tracker  s/n:3E4C8800,791011105,1780409118,1,OK,0.696956,0.0599131,0.0367403,-0.7136616,251.4,-37.46,-1765.858,0.2050457,3,OK,251.299,-37.524,-1765.87,OK,162.224,-1.253,-1763.976,OK,253.502,51.61,-1753.555,Port 0x03: JJH Y femur tracker  s/n:3E4C8801,791011105,1780409118,1,OK,0.8336644,0.0294254,0.5360415,-0.1296047,74.532,-88.474,-1707.72,0.4019257,3,OK,74.708,-88.271,-1707.998,OK,71.575,-0.458,-1662.468,OK,37.866,-71.141,-1623.321,,,,,,,,,,,,
4,Port 0x01: JJH Probe  s/n:3E4C880C,791011108,1780409118,1,Too Few Markers,-3.70E+28,-3.70E+28,-3.70E+28,-3.70E+28,-3.70E+28,-3.70E+28,-3.70E+28,0,3,Missing,-3.70E+28,-3.70E+28,-3.70E+28,Missing,-3.70E+28,-3.70E+28,-3.70E+28,Missing,-3.70E+28,-3.70E+28,-3.70E+28,Port 0x02: JJH T tibia tracker  s/n:3E4C8800,791011108,1780409118,1,OK,0.6969395,0.0601649,0.0369827,-0.713644,251.384,-37.458,-1765.835,0.2009747,3,OK,251.293,-37.525,-1765.847,OK,162.201,-1.247,-1763.929,OK,253.481,51.601,-1753.47,Port 0x03: JJH Y femur tracker  s/n:3E4C8801,791011108,1780409118,1,OK,0.8336235,0.0294568,0.5361249,-0.1295151,74.521,-88.458,-1707.758,0.4120012,3,OK,74.706,-88.271,-1708.062,OK,71.561,-0.438,-1662.484,OK,37.858,-71.138,-1623.329,,,,,,,,,,,,
4,Port 0x01: JJH Probe  s/n:3E4C880C,791011111,1780409119,1,Too Few Markers,-3.70E+28,-3.70E+28,-3.70E+28,-3.70E+28,-3.70E+28,-3.70E+28,-3.70E+28,0,3,Missing,-3.70E+28,-3.70E+28,-3.70E+28,Missing,-3.70E+28,-3.70E+28,-3.70E+28,Missing,-3.70E+28,-3.70E+28,-3.70E+28,Port 0x02: JJH T tibia tracker  s/n:3E4C8800,791011111,1780409119,1,OK,0.6969508,0.0605179,0.036437,-0.7136312,251.4,-37.478,-1765.724,0.2098469,3,OK,251.293,-37.547,-1765.738,OK,162.229,-1.27,-1763.942,OK,253.491,51.596,-1753.38,Port 0x03: JJH Y femur tracker  s/n:3E4C8801,791011111,1780409119,1,OK,0.8335345,0.0295495,0.5362517,-0.1295426,74.527,-88.47,-1707.768,0.426281,3,OK,74.723,-88.299,-1708.102,OK,71.591,-0.452,-1662.469,OK,37.883,-71.148,-1623.305,,,,,,,,,,,,
4,Port 0x01: JJH Probe  s/n:3E4C880C,791011114,1780409119,1,Too Few Markers,-3.70E+28,-3.70E+28,-3.70E+28,-3.70E+28,-3.70E+28,-3.70E+28,-3.70E+28,0,3,Missing,-3.70E+28,-3.70E+28,-3.70E+28,Missing,-3.70E+28,-3.70E+28,-3.70E+28,Missing,-3.70E+28,-3.70E+28,-3.70E+28,Port 0x02: JJH T tibia tracker  s/n:3E4C8800,791011114,1780409119,1,OK,0.6969287,0.0604704,0.0365477,-0.7136512,251.383,-37.485,-1765.76,0.2057288,3,OK,251.272,-37.545,-1765.772,OK,162.219,-1.275,-1763.954,OK,253.48,51.579,-1753.409,Port 0x03: JJH Y femur tracker  s/n:3E4C8801,791011114,1780409119,1,OK,0.8335648,0.0293793,0.5362014,-0.1295946,74.516,-88.474,-1707.736,0.405428,3,OK,74.697,-88.285,-1708.031,OK,71.571,-0.446,-1662.479,OK,37.876,-71.139,-1623.313,,,,,,,,,,,,
4,Port 0x01: JJH Probe  s/n:3E4C880C,791011117,1780409119,1,Too Few Markers,-3.70E+28,-3.70E+28,-3.70E+28,-3.70E+28,-3.70E+28,-3.70E+28,-3.70E+28,0,3,Missing,-3.70E+28,-3.70E+28,-3.70E+28,Missing,-3.70E+28,-3.70E+28,-3.70E+28,Missing,-3.70E+28,-3.70E+28,-3.70E+28,Port 0x02: JJH T tibia tracker  s/n:3E4C8800,791011117,1780409119,1,OK,0.6969277,0.0603419,0.0363595,-0.7136726,251.355,-37.494,-1765.721,0.2101975,3,OK,251.241,-37.558,-1765.734,OK,162.194,-1.281,-1763.939,OK,253.456,51.583,-1753.41,Port 0x03: JJH Y femur tracker  s/n:3E4C8801,791011117,1780409119,1,OK,0.8335881,0.0297134,0.5361787,-0.1294621,74.496,-88.449,-1707.791,0.4180274,3,OK,74.688,-88.281,-1708.117,OK,71.548,-0.453,-1662.456,OK,37.844,-71.146,-1623.348,,,,,,,,,,,,
4,Port 0x01: JJH Probe  s/n:3E4C880C,791011120,1780409119,1,Too Few Markers,-3.70E+28,-3.70E+28,-3.70E+28,-3.70E+28,-3.70E+28,-3.70E+28,-3.70E+28,0,3,Missing,-3.70E+28,-3.70E+28,-3.70E+28,Missing,-3.70E+28,-3.70E+28,-3.70E+28,Missing,-3.70E+28,-3.70E+28,-3.70E+28,Port 0x02: JJH T tibia tracker  s/n:3E4C8800,791011120,1780409119,1,OK,0.6969707,0.0604759,0.036676,-0.7136031,251.394,-37.494,-1765.684,0.209898,3,OK,251.285,-37.561,-1765.697,OK,162.222,-1.297,-1763.857,OK,253.482,51.576,-1753.316,Port 0x03: JJH Y femur tracker  s/n:3E4C8801,791011120,1780409119,1,OK,0.8336352,0.0297619,0.5361047,-0.1294543,74.538,-88.458,-1707.797,0.401531,3,OK,74.72,-88.288,-1708.102,OK,71.581,-0.467,-1662.452,OK,37.883,-71.158,-1623.386,,,,,,,,,,,,
4,Port 0x01: JJH Probe  s/n:3E4C880C,791011123,1780409119,1,Too Few Markers,-3.70E+28,-3.70E+28,-3.70E+28,-3.70E+28,-3.70E+28,-3.70E+28,-3.70E+28,0,3,Missing,-3.70E+28,-3.70E+28,-3.70E+28,Missing,-3.70E+28,-3.70E+28,-3.70E+28,Missing,-3.70E+28,-3.70E+28,-3.70E+28,Port 0x02: JJH T tibia tracker  s/n:3E4C8800,791011123,1780409119,1,OK,0.6969504,0.0600481,0.0364446,-0.7136709,251.367,-37.508,-1765.677,0.2030241,3,OK,251.261,-37.557,-1765.688,OK,162.195,-1.299,-1763.858,OK,253.471,51.555,-1753.395,Port 0x03: JJH Y femur tracker  s/n:3E4C8801,791011123,1780409119,1,OK,0.8335194,0.02974,0.5362784,-0.1294854,74.491,-88.452,-1707.786,0.4301964,3,OK,74.688,-88.279,-1708.122,OK,71.561,-0.464,-1662.449,OK,37.853,-71.148,-1623.318,,,,,,,,,,,,
4,Port 0x01: JJH Probe  s/n:3E4C880C,791011126,1780409119,1,Too Few Markers,-3.70E+28,-3.70E+28,-3.70E+28,-3.70E+28,-3.70E+28,-3.70E+28,-3.70E+28,0,3,Missing,-3.70E+28,-3.70E+28,-3.70E+28,Missing,-3.70E+28,-3.70E+28,-3.70E+28,Missing,-3.70E+28,-3.70E+28,-3.70E+28,Port 0x02: JJH T tibia tracker  s/n:3E4C8800,791011126,1780409119,1,OK,0.696986,0.0609183,0.0365138,-0.7135588,251.378,-37.508,-1765.688,0.204276,3,OK,251.272,-37.569,-1765.7,OK,162.204,-1.311,-1763.924,OK,253.449,51.549,-1753.285,Port 0x03: JJH Y femur tracker  s/n:3E4C8801,791011126,1780409119,1,OK,0.8335003,0.0298153,0.5363298,-0.1293778,74.504,-88.457,-1707.826,0.4412131,3,OK,74.711,-88.309,-1708.193,OK,71.563,-0.47,-1662.45,OK,37.867,-71.164,-1623.336,,,,,,,,,,,,
4,Port 0x01: JJH Probe  s/n:3E4C880C,791011129,1780409119,1,Too Few Markers,-3.70E+28,-3.70E+28,-3.70E+28,-3.70E+28,-3.70E+28,-3.70E+28,-3.70E+28,0,3,Missing,-3.70E+28,-3.70E+28,-3.70E+28,Missing,-3.70E+28,-3.70E+28,-3.70E+28,Missing,-3.70E+28,-3.70E+28,-3.70E+28,Port 0x02: JJH T tibia tracker  s/n:3E4C8800,791011129,1780409119,1,OK,0.6969471,0.0606745,0.0366795,-0.7136091,251.381,-37.516,-1765.686,0.205109,3,OK,251.273,-37.574,-1765.698,OK,162.208,-1.314,-1763.874,OK,253.47,51.539,-1753.293,Port 0x03: JJH Y femur tracker  s/n:3E4C8801,791011129,1780409119,1,OK,0.8335684,0.0297973,0.5362303,-0.1293558,74.532,-88.453,-1707.822,0.4372415,3,OK,74.736,-88.295,-1708.178,OK,71.577,-0.467,-1662.457,OK,37.875,-71.165,-1623.346,,,,,,,,,,,,
4,Port 0x01: JJH Probe  s/n:3E4C880C,791011132,1780409119,1,Too Few Markers,-3.70E+28,-3.70E+28,-3.70E+28,-3.70E+28,-3.70E+28,-3.70E+28,-3.70E+28,0,3,Missing,-3.70E+28,-3.70E+28,-3.70E+28,Missing,-3.70E+28,-3.70E+28,-3.70E+28,Missing,-3.70E+28,-3.70E+28,-3.70E+28,Port 0x02: JJH T tibia tracker  s/n:3E4C8800,791011132,1780409119,1,OK,0.6969348,0.0608373,0.0365472,-0.713614,251.342,-37.522,-1765.693,0.2043669,3,OK,251.223,-37.581,-1765.706,OK,162.189,-1.316,-1763.916,OK,253.425,51.536,-1753.296,Port 0x03: JJH Y femur tracker  s/n:3E4C8801,791011132,1780409119,1,OK,0.8335028,0.029597,0.5363157,-0.1294703,74.486,-88.461,-1707.768,0.4463322,3,OK,74.69,-88.278,-1708.115,OK,71.551,-0.467,-1662.464,OK,37.842,-71.153,-1623.277,,,,,,,,,,,,
4,Port 0x01: JJH Probe  s/n:3E4C880C,791011135,1780409119,1,Too Few Markers,-3.70E+28,-3.70E+28,-3.70E+28,-3.70E+28,-3.70E+28,-3.70E+28,-3.70E+28,0,3,Missing,-3.70E+28,-3.70E+28,-3.70E+28,Missing,-3.70E+28,-3.70E+28,-3.70E+28,Missing,-3.70E+28,-3.70E+28,-3.70E+28,Port 0x02: JJH T tibia tracker  s/n:3E4C8800,791011135,1780409119,1,OK,0.6969679,0.0605782,0.0359805,-0.7136326,251.374,-37.525,-1765.568,0.206272,3,OK,251.259,-37.574,-1765.579,OK,162.209,-1.319,-1763.872,OK,253.463,51.541,-1753.276,Port 0x03: JJH Y femur tracker  s/n:3E4C8801,791011135,1780409119,1,OK,0.8335455,0.0294137,0.5362464,-0.1295242,74.527,-88.484,-1707.732,0.4346089,3,OK,74.724,-88.296,-1708.062,OK,71.579,-0.47,-1662.464,OK,37.876,-71.155,-1623.266,,,,,,,,,,,,
4,Port 0x01: JJH Probe  s/n:3E4C880C,791011138,1780409119,1,Too Few Markers,-3.70E+28,-3.70E+28,-3.70E+28,-3.70E+28,-3.70E+28,-3.70E+28,-3.70E+28,0,3,Missing,-3.70E+28,-3.70E+28,-3.70E+28,Missing,-3.70E+28,-3.70E+28,-3.70E+28,Missing,-3.70E+28,-3.70E+28,-3.70E+28,Port 0x02: JJH T tibia tracker  s/n:3E4C8800,791011138,1780409119,1,OK,0.6969746,0.060687,0.0361503,-0.7136082,251.39,-37.52,-1765.595,0.1988885,3,OK,251.278,-37.558,-1765.604,OK,162.223,-1.317,-1763.877,OK,253.473,51.529,-1753.269,Port 0x03: JJH Y femur tracker  s/n:3E4C8801,791011138,1780409119,1,OK,0.8335441,0.029706,0.5362396,-0.1294947,74.54,-88.472,-1707.774,0.4361283,3,OK,74.742,-88.306,-1708.122,OK,71.603,-0.478,-1662.441,OK,37.891,-71.158,-1623.303,,,,,,,,,,,,
4,Port 0x01: JJH Probe  s/n:3E4C880C,791011141,1780409119,1,Too Few Markers,-3.70E+28,-3.70E+28,-3.70E+28,-3.70E+28,-3.70E+28,-3.70E+28,-3.70E+28,0,3,Missing,-3.70E+28,-3.70E+28,-3.70E+28,Missing,-3.70E+28,-3.70E+28,-3.70E+28,Missing,-3.70E+28,-3.70E+28,-3.70E+28,Port 0x02: JJH T tibia tracker  s/n:3E4C8800,791011141,1780409119,1,OK,0.6969589,0.0610501,0.0368607,-0.7135562,251.353,-37.519,-1765.721,0.2042594,3,OK,251.246,-37.576,-1765.733,OK,162.176,-1.326,-1763.906,OK,253.43,51.525,-1753.258,Port 0x03: JJH Y femur tracker  s/n:3E4C8801,791011141,1780409119,1,OK,0.8336589,0.0298317,0.5360653,-0.1294484,74.513,-88.466,-1707.805,0.4053447,3,OK,74.698,-88.303,-1708.12,OK,71.555,-0.478,-1662.446,OK,37.848,-71.169,-1623.391,,,,,,,,,,,,
4,Port 0x01: JJH Probe  s/n:3E4C880C,791011144,1780409119,1,Too Few Markers,-3.70E+28,-3.70E+28,-3.70E+28,-3.70E+28,-3.70E+28,-3.70E+28,-3.70E+28,0,3,Missing,-3.70E+28,-3.70E+28,-3.70E+28,Missing,-3.70E+28,-3.70E+28,-3.70E+28,Missing,-3.70E+28,-3.70E+28,-3.70E+28,Port 0x02: JJH T tibia tracker  s/n:3E4C8800,791011144,1780409119,1,OK,0.6969526,0.0605542,0.0361243,-0.7136422,251.35,-37.527,-1765.592,0.2052312,3,OK,251.234,-37.572,-1765.603,OK,162.185,-1.32,-1763.869,OK,253.443,51.535,-1753.285,Port 0x03: JJH Y femur tracker  s/n:3E4C8801,791011144,1780409119,1,OK,0.8335613,0.0292126,0.536216,-0.1295939,74.519,-88.504,-1707.75,0.4228013,3,OK,74.706,-88.299,-1708.052,OK,71.57,-0.466,-1662.536,OK,37.866,-71.166,-1623.303,,,,,,,,,,,,
4,Port 0x01: JJH Probe  s/n:3E4C880C,791011147,1780409119,1,Too Few Markers,-3.70E+28,-3.70E+28,-3.70E+28,-3.70E+28,-3.70E+28,-3.70E+28,-3.70E+28,0,3,Missing,-3.70E+28,-3.70E+28,-3.70E+28,Missing,-3.70E+28,-3.70E+28,-3.70E+28,Missing,-3.70E+28,-3.70E+28,-3.70E+28,Port 0x02: JJH T tibia tracker  s/n:3E4C8800,791011147,1780409119,1,OK,0.6969725,0.0605219,0.0360755,-0.7136281,251.361,-37.52,-1765.616,0.215513,3,OK,251.24,-37.562,-1765.626,OK,162.188,-1.326,-1763.901,OK,253.463,51.55,-1753.318,Port 0x03: JJH Y femur tracker  s/n:3E4C8801,791011147,1780409119,1,OK,0.8335197,0.0294885,0.5362911,-0.1294882,74.51,-88.478,-1707.748,0.4280439,3,OK,74.704,-88.293,-1708.073,OK,71.566,-0.47,-1662.461,OK,37.872,-71.161,-1623.285,,,,,,,,,,,,
4,Port 0x01: JJH Probe  s/n:3E4C880C,791011150,1780409119,1,Too Few Markers,-3.70E+28,-3.70E+28,-3.70E+28,-3.70E+28,-3.70E+28,-3.70E+28,-3.70E+28,0,3,Missing,-3.70E+28,-3.70E+28,-3.70E+28,Missing,-3.70E+28,-3.70E+28,-3.70E+28,Missing,-3.70E+28,-3.70E+28,-3.70E+28,Port 0x02: JJH T tibia tracker  s/n:3E4C8800,791011150,1780409119,1,OK,0.6970107,0.0606684,0.0363098,-0.7135664,251.352,-37.503,-1765.666,0.2079377,3,OK,251.238,-37.549,-1765.676,OK,162.173,-1.317,-1763.92,OK,253.433,51.554,-1753.321,Port 0x03: JJH Y femur tracker  s/n:3E4C8801,791011150,1780409119,1,OK,0.8335256,0.0296633,0.5362908,-0.1294118,74.511,-88.462,-1707.79,0.435059,3,OK,74.712,-88.297,-1708.138,OK,71.563,-0.467,-1662.454,OK,37.868,-71.16,-1623.314,,,,,,,,,,,,
4,Port 0x01: JJH Probe  s/n:3E4C880C,791011153,1780409119,1,Too Few Markers,-3.70E+28,-3.70E+28,-3.70E+28,-3.70E+28,-3.70E+28,-3.70E+28,-3.70E+28,0,3,Missing,-3.70E+28,-3.70E+28,-3.70E+28,Missing,-3.70E+28,-3.70E+28,-3.70E+28,Missing,-3.70E+28,-3.70E+28,-3.70E+28,Port 0x02: JJH T tibia tracker  s/n:3E4C8800,791011153,1780409119,1,OK,0.6970081,0.0608485,0.036735,-0.7135319,251.388,-37.49,-1765.719,0.2026192,3,OK,251.28,-37.54,-1765.73,OK,162.209,-1.307,-1763.912,OK,253.459,51.555,-1753.298,Port 0x03: JJH Y femur tracker  s/n:3E4C8801,791011153,1780409119,1,OK,0.8336086,0.0293902,0.5361366,-0.1295781,74.559,-88.486,-1707.775,0.4210425,3,OK,74.747,-88.289,-1708.081,OK,71.608,-0.463,-1662.525,OK,37.895,-71.155,-1623.336,,,,,,,,,,,,
4,Port 0x01: JJH Probe  s/n:3E4C880C,791011156,1780409119,1,Too Few Markers,-3.70E+28,-3.70E+28,-3.70E+28,-3.70E+28,-3.70E+28,-3.70E+28,-3.70E+28,0,3,Missing,-3.70E+28,-3.70E+28,-3.70E+28,Missing,-3.70E+28,-3.70E+28,-3.70E+28,Missing,-3.70E+28,-3.70E+28,-3.70E+28,Port 0x02: JJH T tibia tracker  s/n:3E4C8800,791011156,1780409119,1,OK,0.6970481,0.0603697,0.036333,-0.713554,251.328,-37.493,-1765.679,0.2056432,3,OK,251.219,-37.541,-1765.689,OK,162.145,-1.31,-1763.906,OK,253.403,51.57,-1753.369,Port 0x03: JJH Y femur tracker  s/n:3E4C8801,791011156,1780409119,1,OK,0.8336122,0.0294927,0.5361291,-0.1295628,74.504,-88.48,-1707.752,0.4044914,3,OK,74.686,-88.296,-1708.05,OK,71.556,-0.456,-1662.474,OK,37.848,-71.159,-1623.332,,,,,,,,,,,,
4,Port 0x01: JJH Probe  s/n:3E4C880C,791011159,1780409119,1,Too Few Markers,-3.70E+28,-3.70E+28,-3.70E+28,-3.70E+28,-3.70E+28,-3.70E+28,-3.70E+28,0,3,Missing,-3.70E+28,-3.70E+28,-3.70E+28,Missing,-3.70E+28,-3.70E+28,-3.70E+28,Missing,-3.70E+28,-3.70E+28,-3.70E+28,Port 0x02: JJH T tibia tracker  s/n:3E4C8800,791011159,1780409119,1,OK,0.6970308,0.0603739,0.0369982,-0.7135364,251.337,-37.477,-1765.781,0.2033623,3,OK,251.239,-37.546,-1765.793,OK,162.152,-1.293,-1763.89,OK,253.406,51.583,-1753.387,Port 0x03: JJH Y femur tracker  s/n:3E4C8801,791011159,1780409119,1,OK,0.8336804,0.0295689,0.53602,-0.1295574,74.508,-88.472,-1707.729,0.3871323,3,OK,74.679,-88.287,-1708.006,OK,71.549,-0.454,-1662.438,OK,37.843,-71.156,-1623.345,,,,,,,,,,,,
4,Port 0x01: JJH Probe  s/n:3E4C880C,791011162,1780409119,1,Too Few Markers,-3.70E+28,-3.70E+28,-3.70E+28,-3.70E+28,-3.70E+28,-3.70E+28,-3.70E+28,0,3,Missing,-3.70E+28,-3.70E+28,-3.70E+28,Missing,-3.70E+28,-3.70E+28,-3.70E+28,Missing,-3.70E+28,-3.70E+28,-3.70E+28,Port 0x02: JJH T tibia tracker  s/n:3E4C8800,791011162,1780409119,1,OK,0.6970353,0.0604888,0.0365658,-0.7135446,251.375,-37.492,-1765.675,0.2016674,3,OK,251.276,-37.549,-1765.686,OK,162.189,-1.304,-1763.869,OK,253.445,51.565,-1753.321,Port 0x03: JJH Y femur tracker  s/n:3E4C8801,791011162,1780409119,1,OK,0.8336458,0.0297466,0.5361036,-0.1293937,74.556,-88.454,-1707.771,0.4075803,3,OK,74.74,-88.279,-1708.079,OK,71.59,-0.466,-1662.428,OK,37.892,-71.165,-1623.35,,,,,,,,,,,,
4,Port 0x01: JJH Probe  s/n:3E4C880C,791011165,1780409119,1,Too Few Markers,-3.70E+28,-3.70E+28,-3.70E+28,-3.70E+28,-3.70E+28,-3.70E+28,-3.70E+28,0,3,Missing,-3.70E+28,-3.70E+28,-3.70E+28,Missing,-3.70E+28,-3.70E+28,-3.70E+28,Missing,-3.70E+28,-3.70E+28,-3.70E+28,Port 0x02: JJH T tibia tracker  s/n:3E4C8800,791011165,1780409119,1,OK,0.6970983,0.0606643,0.0360105,-0.7134963,251.338,-37.478,-1765.615,0.2032362,3,OK,251.232,-37.534,-1765.627,OK,162.154,-1.299,-1763.922,OK,253.388,51.588,-1753.308,Port 0x03: JJH Y femur tracker  s/n:3E4C8801,791011165,1780409119,1,OK,0.8335279,0.0294336,0.5362517,-0.1296108,74.501,-88.476,-1707.778,0.4183235,3,OK,74.69,-88.289,-1708.09,OK,71.571,-0.45,-1662.514,OK,37.864,-71.143,-1623.33,,,,,,,,,,,,
4,Port 0x01: JJH Probe  s/n:3E4C880C,791011168,1780409119,1,Too Few Markers,-3.70E+28,-3.70E+28,-3.70E+28,-3.70E+28,-3.70E+28,-3.70E+28,-3.70E+28,0,3,Missing,-3.70E+28,-3.70E+28,-3.70E+28,Missing,-3.70E+28,-3.70E+28,-3.70E+28,Missing,-3.70E+28,-3.70E+28,-3.70E+28,Port 0x02: JJH T tibia tracker  s/n:3E4C8800,791011168,1780409119,1,OK,0.6970564,0.0608573,0.0363143,-0.7135054,251.333,-37.479,-1765.657,0.2089277,3,OK,251.225,-37.534,-1765.669,OK,162.145,-1.301,-1763.926,OK,253.396,51.583,-1753.287,Port 0x03: JJH Y femur tracker  s/n:3E4C8801,791011168,1780409119,1,OK,0.8336242,0.0296028,0.5361087,-0.1295442,74.506,-88.467,-1707.768,0.3940529,3,OK,74.682,-88.286,-1708.056,OK,71.557,-0.456,-1662.465,OK,37.856,-71.152,-1623.366,,,,,,,,,,,,
4,Port 0x01: JJH Probe  s/n:3E4C880C,791011171,1780409120,1,Too Few Markers,-3.70E+28,-3.70E+28,-3.70E+28,-3.70E+28,-3.70E+28,-3.70E+28,-3.70E+28,0,3,Missing,-3.70E+28,-3.70E+28,-3.70E+28,Missing,-3.70E+28,-3.70E+28,-3.70E+28,Missing,-3.70E+28,-3.70E+28,-3.70E+28,Port 0x02: JJH T tibia tracker  s/n:3E4C8800,791011171,1780409120,1,OK,0.6969932,0.0606629,0.0365769,-0.7135703,251.338,-37.488,-1765.738,0.211714,3,OK,251.22,-37.547,-1765.75,OK,162.168,-1.302,-1763.944,OK,253.42,51.578,-1753.358,Port 0x03: JJH Y femur tracker  s/n:3E4C8801,791011171,1780409120,1,OK,0.8334778,0.0297098,0.5363514,-0.1294573,74.496,-88.45,-1707.815,0.4392614,3,OK,74.701,-88.293,-1708.175,OK,71.567,-0.449,-1662.472,OK,37.864,-71.145,-1623.325,,,,,,,,,,,,
4,Port 0x01: JJH Probe  s/n:3E4C880C,791011174,1780409120,1,Too Few Markers,-3.70E+28,-3.70E+28,-3.70E+28,-3.70E+28,-3.70E+28,-3.70E+28,-3.70E+28,0,3,Missing,-3.70E+28,-3.70E+28,-3.70E+28,Missing,-3.70E+28,-3.70E+28,-3.70E+28,Missing,-3.70E+28,-3.70E+28,-3.70E+28,Port 0x02: JJH T tibia tracker  s/n:3E4C8800,791011174,1780409120,1,OK,0.6970288,0.0605779,0.0361279,-0.7135657,251.329,-37.48,-1765.635,0.2100608,3,OK,251.224,-37.542,-1765.647,OK,162.146,-1.289,-1763.914,OK,253.405,51.593,-1753.323,Port 0x03: JJH Y femur tracker  s/n:3E4C8801,791011174,1780409120,1,OK,0.8335186,0.0296189,0.536293,-0.129458,74.498,-88.443,-1707.856,0.434872,3,OK,74.699,-88.272,-1708.2,OK,71.559,-0.437,-1662.539,OK,37.854,-71.138,-1623.377,,,,,,,,,,,,
4,Port 0x01: JJH Probe  s/n:3E4C880C,791011177,1780409120,1,Too Few Markers,-3.70E+28,-3.70E+28,-3.70E+28,-3.70E+28,-3.70E+28,-3.70E+28,-3.70E+28,0,3,Missing,-3.70E+28,-3.70E+28,-3.70E+28,Missing,-3.70E+28,-3.70E+28,-3.70E+28,Missing,-3.70E+28,-3.70E+28,-3.70E+28,Port 0x02: JJH T tibia tracker  s/n:3E4C8800,791011177,1780409120,1,OK,0.6970671,0.0608599,0.0362047,-0.7135003,251.362,-37.482,-1765.632,0.2048537,3,OK,251.249,-37.533,-1765.644,OK,162.184,-1.304,-1763.92,OK,253.418,51.577,-1753.276,Port 0x03: JJH Y femur tracker  s/n:3E4C8801,791011177,1780409120,1,OK,0.8335484,0.0294349,0.5362464,-0.1295005,74.542,-88.465,-1707.824,0.4211449,3,OK,74.734,-88.287,-1708.146,OK,71.591,-0.443,-1662.544,OK,37.898,-71.143,-1623.371,,,,,,,,,,,,
4,Port 0x01: JJH Probe  s/n:3E4C880C,791011180,1780409120,1,Too Few Markers,-3.70E+28,-3.70E+28,-3.70E+28,-3.70E+28,-3.70E+28,-3.70E+28,-3.70E+28,0,3,Missing,-3.70E+28,-3.70E+28,-3.70E+28,Missing,-3.70E+28,-3.70E+28,-3.70E+28,Missing,-3.70E+28,-3.70E+28,-3.70E+28,Port 0x02: JJH T tibia tracker  s/n:3E4C8800,791011180,1780409120,1,OK,0.6970694,0.0607463,0.0361258,-0.7135118,251.343,-37.474,-1765.632,0.2061565,3,OK,251.226,-37.531,-1765.644,OK,162.173,-1.295,-1763.925,OK,253.398,51.592,-1753.3,Port 0x03: JJH Y femur tracker  s/n:3E4C8801,791011180,1780409120,1,OK,0.8335153,0.0293955,0.5362946,-0.1295232,74.524,-88.455,-1707.792,0.4372208,3,OK,74.723,-88.27,-1708.127,OK,71.582,-0.434,-1662.526,OK,37.879,-71.128,-1623.314,,,,,,,,,,,,
