Tools,Port 0x01: BrainLAB Y Junction  s/n:38220010,Frame,Time [sec],Face,State,Q0,Qx,Qy,Qz,Tx,Ty,Tz,Error,Markers,State,Tx,Ty,Tz,State,Tx,Ty,Tz,State,Tx,Ty,Tz,Port 0x02: BrainLAB T Junction  s/n:3B21FC02,Frame,Time [sec],Face,State,Q0,Qx,Qy,Qz,Tx,Ty,Tz,Error,Markers,State,Tx,Ty,Tz,State,Tx,Ty,Tz,State,Tx,Ty,Tz,Port 0x03: BrainLAB Black Probe  s/n:38220401,Frame,Time [sec],Face,State,Q0,Qx,Qy,Qz,Tx,Ty,Tz,Error,Markers,State,Tx,Ty,Tz,State,Tx,Ty,Tz,State,Tx,Ty,Tz
3,Port 0x01: BrainLAB Y Junction  s/n:38220010,1785399250,1733823854.168744693,1,OK,0.8951907,0.1545683,-0.2842564,-0.3064972,-268.462,78.008,-1989.821,0.2480863,3,OK,-268.321,78.101,-1989.740,OK,-344.264,100.764,-2040.877,OK,-295.850,169.829,-2016.554,Port 0x02: BrainLAB T Junction  s/n:3B21FC02,1785399250,1733823854.168744693,1,OK,0.9600314,-0.2743336,-0.0472426,0.0291367,131.857,-137.869,-1777.078,0.6453277,3,OK,132.213,-137.456,-1777.254,OK,36.946,-115.282,-1818.549,OK,108.812,-63.301,-1833.104,Port 0x03: BrainLAB Black Probe  s/n:38220401,1785399250,1733823854.168744693,1,OK,0.4261625,0.2154349,0.6239905,-0.6185541,66.456,68.317,-1886.739,0.7724462,3,OK,-143.822,71.570,-1726.927,OK,-25.132,67.140,-1804.851,OK,-99.493,67.221,-1734.613
3,Port 0x01: BrainLAB Y Junction  s/n:38220010,1785399253,1733823854.218744693,1,OK,0.8952197,0.1539113,-0.2848162,-0.3062234,-268.509,78.038,-1989.735,0.2536323,3,OK,-268.334,78.092,-1989.627,OK,-344.288,100.736,-2040.889,OK,-295.898,169.828,-2016.656,Port 0x02: BrainLAB T Junction  s/n:3B21FC02,1785399253,1733823854.218744693,1,OK,0.9600250,-0.2743362,-0.0473600,0.0291323,131.837,-137.874,-1777.071,0.6500800,3,OK,132.201,-137.463,-1777.243,OK,36.932,-115.285,-1818.569,OK,108.793,-63.312,-1833.101,Port 0x03: BrainLAB Black Probe  s/n:38220401,1785399253,1733823854.218744693,1,OK,0.4263288,0.2152791,0.6237426,-0.6187437,66.475,68.275,-1886.631,0.8354359,3,OK,-143.829,71.628,-1726.912,OK,-25.128,67.151,-1804.789,OK,-99.491,67.258,-1734.434
3,Port 0x01: BrainLAB Y Junction  s/n:38220010,1785399256,1733823854.268744693,1,OK,0.8950956,0.1544178,-0.2848481,-0.3063016,-268.495,78.042,-1989.799,0.2802623,3,OK,-268.307,78.114,-1989.684,OK,-344.285,100.777,-2040.981,OK,-295.861,169.847,-2016.630,Port 0x02: BrainLAB T Junction  s/n:3B21FC02,1785399256,1733823854.268744693,1,OK,0.9600760,-0.2741071,-0.0476010,0.0292135,131.848,-137.855,-1777.057,0.6620199,3,OK,132.216,-137.434,-1777.234,OK,36.948,-115.272,-1818.586,OK,108.805,-63.287,-1833.052,Port 0x03: BrainLAB Black Probe  s/n:38220401,1785399256,1733823854.268744693,1,OK,0.4266885,0.2153822,0.6235405,-0.6186636,66.549,68.310,-1886.636,0.8565617,3,OK,-143.865,71.636,-1727.109,OK,-25.141,67.178,-1804.857,OK,-99.528,67.273,-1734.552
3,Port 0x01: BrainLAB Y Junction  s/n:38220010,1785399259,1733823854.318744693,1,OK,0.8951492,0.1538879,-0.2849163,-0.3063480,-268.514,78.035,-1989.701,0.2605862,3,OK,-268.327,78.088,-1989.586,OK,-344.285,100.766,-2040.875,OK,-295.873,169.824,-2016.629,Port 0x02: BrainLAB T Junction  s/n:3B21FC02,1785399259,1733823854.318744693,1,OK,0.9600764,-0.2741241,-0.0475415,0.0291385,131.826,-137.887,-1777.065,0.6568083,3,OK,132.193,-137.470,-1777.240,OK,36.926,-115.292,-1818.585,OK,108.795,-63.310,-1833.064,Port 0x03: BrainLAB Black Probe  s/n:38220401,1785399259,1733823854.318744693,1,OK,0.4265727,0.2154167,0.6235924,-0.6186791,66.516,68.283,-1886.597,0.8408762,3,OK,-143.875,71.625,-1727.022,OK,-25.161,67.156,-1804.796,OK,-99.536,67.259,-1734.511
3,Port 0x01: BrainLAB Y Junction  s/n:38220010,1785399262,1733823854.368744693,1,OK,0.8952133,0.1539440,-0.2847280,-0.3063076,-268.505,78.052,-1989.741,0.2499366,3,OK,-268.335,78.114,-1989.637,OK,-344.285,100.770,-2040.877,OK,-295.888,169.840,-2016.642,Port 0x02: BrainLAB T Junction  s/n:3B21FC02,1785399262,1733823854.368744693,1,OK,0.9601456,-0.2739511,-0.0470916,0.0292171,131.858,-137.879,-1777.091,0.6547188,3,OK,132.206,-137.451,-1777.279,OK,36.931,-115.271,-1818.508,OK,108.789,-63.284,-1833.040,Port 0x03: BrainLAB Black Probe  s/n:38220401,1785399262,1733823854.368744693,1,OK,0.4261866,0.2157758,0.6238353,-0.6185752,66.475,68.330,-1886.666,0.8202855,3,OK,-143.902,71.681,-1727.021,OK,-25.168,67.195,-1804.853,OK,-99.547,67.293,-1734.566
3,Port 0x01: BrainLAB Y Junction  s/n:38220010,1785399265,1733823854.418744693,1,OK,0.8952099,0.1534102,-0.2852632,-0.3060874,-268.529,78.077,-1989.713,0.2739395,3,OK,-268.315,78.103,-1989.578,OK,-344.298,100.750,-2040.953,OK,-295.901,169.844,-2016.774,Port 0x02: BrainLAB T Junction  s/n:3B21FC02,1785399265,1733823854.418744693,1,OK,0.9600460,-0.2742383,-0.0474820,0.0291627,131.841,-137.863,-1777.052,0.6518793,3,OK,132.205,-137.449,-1777.225,OK,36.939,-115.280,-1818.564,OK,108.802,-63.294,-1833.069,Port 0x03: BrainLAB Black Probe  s/n:38220401,1785399265,1733823854.418744693,1,OK,0.4265651,0.2154275,0.6236648,-0.6186076,66.474,68.300,-1886.694,0.8333037,3,OK,-143.936,71.598,-1727.099,OK,-25.176,67.151,-1804.909,OK,-99.576,67.236,-1734.600
3,Port 0x01: BrainLAB Y Junction  s/n:38220010,1785399268,1733823854.468744693,1,OK,0.8952367,0.1536355,-0.2847920,-0.3063345,-268.486,78.073,-1989.740,0.2405042,3,OK,-268.313,78.120,-1989.633,OK,-344.255,100.789,-2040.875,OK,-295.864,169.854,-2016.700,Port 0x02: BrainLAB T Junction  s/n:3B21FC02,1785399268,1733823854.468744693,1,OK,0.9601288,-0.2739333,-0.0475630,0.0291715,131.843,-137.880,-1777.046,0.6676254,3,OK,132.213,-137.455,-1777.226,OK,36.942,-115.271,-1818.563,OK,108.802,-63.297,-1833.008,Port 0x03: BrainLAB Black Probe  s/n:38220401,1785399268,1733823854.468744693,1,OK,0.4264832,0.2158557,0.6238720,-0.6183058,66.546,68.328,-1886.603,0.8378727,3,OK,-143.899,71.520,-1727.096,OK,-25.160,67.121,-1804.835,OK,-99.562,67.156,-1734.582
3,Port 0x01: BrainLAB Y Junction  s/n:38220010,1785399271,1733823854.518744693,1,OK,0.8950325,0.1545503,-0.2849317,-0.3063412,-268.520,78.029,-1989.750,0.2775091,3,OK,-268.342,78.112,-1989.642,OK,-344.291,100.774,-2040.943,OK,-295.868,169.837,-2016.563,Port 0x02: BrainLAB T Junction  s/n:3B21FC02,1785399271,1733823854.518744693,1,OK,0.9600415,-0.2742476,-0.0475089,0.0291819,131.837,-137.858,-1777.053,0.6567787,3,OK,132.208,-137.444,-1777.224,OK,36.929,-115.277,-1818.574,OK,108.795,-63.295,-1833.071,Port 0x03: BrainLAB Black Probe  s/n:38220401,1785399271,1733823854.518744693,1,OK,0.4263013,0.2158612,0.6240860,-0.6182134,66.443,68.346,-1886.697,0.8661482,3,OK,-143.966,71.482,-1727.130,OK,-25.200,67.108,-1804.940,OK,-99.622,67.106,-1734.554
3,Port 0x01: BrainLAB Y Junction  s/n:38220010,1785399274,1733823854.568744692,1,OK,0.8951630,0.1540175,-0.2849380,-0.3062224,-268.519,78.047,-1989.746,0.2617192,3,OK,-268.333,78.098,-1989.632,OK,-344.291,100.757,-2040.928,OK,-295.898,169.841,-2016.664,Port 0x02: BrainLAB T Junction  s/n:3B21FC02,1785399274,1733823854.568744692,1,OK,0.9600572,-0.2742103,-0.0474201,0.0291576,131.842,-137.872,-1777.104,0.6521794,3,OK,132.204,-137.457,-1777.278,OK,36.940,-115.282,-1818.603,OK,108.798,-63.302,-1833.113,Port 0x03: BrainLAB Black Probe  s/n:38220401,1785399274,1733823854.568744692,1,OK,0.4269996,0.2153582,0.6236307,-0.6183663,66.586,68.287,-1886.534,0.8801644,3,OK,-143.899,71.416,-1727.116,OK,-25.148,67.066,-1804.797,OK,-99.537,67.078,-1734.490
3,Port 0x01: BrainLAB Y Junction  s/n:38220010,1785399277,1733823854.618744692,1,OK,0.8951773,0.1538926,-0.2849009,-0.3062779,-268.518,78.044,-1989.723,0.2593389,3,OK,-268.333,78.092,-1989.609,OK,-344.293,100.758,-2040.895,OK,-295.891,169.838,-2016.654,Port 0x02: BrainLAB T Junction  s/n:3B21FC02,1785399277,1733823854.618744692,1,OK,0.9601412,-0.2738785,-0.0475953,0.0292243,131.841,-137.881,-1777.089,0.6685305,3,OK,132.210,-137.453,-1777.270,OK,36.934,-115.281,-1818.605,OK,108.796,-63.294,-1833.042,Port 0x03: BrainLAB Black Probe  s/n:38220401,1785399277,1733823854.618744692,1,OK,0.4269438,0.2150344,0.6237033,-0.6184444,66.522,68.284,-1886.606,0.8761943,3,OK,-143.883,71.391,-1727.061,OK,-25.146,67.056,-1804.831,OK,-99.525,67.065,-1734.461
3,Port 0x01: BrainLAB Y Junction  s/n:38220010,1785399280,1733823854.668744692,1,OK,0.8951629,0.1535171,-0.2851658,-0.3062618,-268.523,78.068,-1989.678,0.2678557,3,OK,-268.316,78.092,-1989.547,OK,-344.287,100.775,-2040.895,OK,-295.877,169.856,-2016.703,Port 0x02: BrainLAB T Junction  s/n:3B21FC02,1785399280,1733823854.668744692,1,OK,0.9601294,-0.2739641,-0.0473643,0.0291857,131.855,-137.883,-1777.082,0.6607889,3,OK,132.212,-137.457,-1777.266,OK,36.949,-115.275,-1818.557,OK,108.802,-63.298,-1833.042,Port 0x03: BrainLAB Black Probe  s/n:38220401,1785399280,1733823854.668744692,1,OK,0.4269089,0.2153645,0.6239344,-0.6181203,66.580,68.287,-1886.519,0.8930406,3,OK,-143.862,71.255,-1727.057,OK,-25.134,66.987,-1804.765,OK,-99.502,66.928,-1734.414
3,Port 0x01: BrainLAB Y Junction  s/n:38220010,1785399283,1733823854.718744692,1,OK,0.8952340,0.1536234,-0.2848110,-0.3063308,-268.503,78.055,-1989.688,0.2455837,3,OK,-268.325,78.091,-1989.577,OK,-344.276,100.763,-2040.830,OK,-295.876,169.853,-2016.653,Port 0x02: BrainLAB T Junction  s/n:3B21FC02,1785399283,1733823854.718744692,1,OK,0.9601464,-0.2739012,-0.0473664,0.0292150,131.852,-137.888,-1777.097,0.6642393,3,OK,132.212,-137.458,-1777.281,OK,36.936,-115.282,-1818.568,OK,108.796,-63.298,-1833.044,Port 0x03: BrainLAB Black Probe  s/n:38220401,1785399283,1733823854.718744692,1,OK,0.4267373,0.2155605,0.6241869,-0.6179157,66.532,68.323,-1886.594,0.8349583,3,OK,-143.905,71.191,-1727.048,OK,-25.150,66.968,-1804.820,OK,-99.550,66.880,-1734.546
3,Port 0x01: BrainLAB Y Junction  s/n:38220010,1785399286,1733823854.768744692,1,OK,0.8952120,0.1539674,-0.2846411,-0.3063803,-268.504,78.041,-1989.791,0.2516468,3,OK,-268.334,78.103,-1989.687,OK,-344.292,100.768,-2040.912,OK,-295.880,169.838,-2016.674,Port 0x02: BrainLAB T Junction  s/n:3B21FC02,1785399286,1733823854.768744692,1,OK,0.9600540,-0.2741914,-0.0475966,0.0291551,131.833,-137.861,-1777.048,0.6562567,3,OK,132.203,-137.447,-1777.219,OK,36.933,-115.277,-1818.582,OK,108.801,-63.291,-1833.061,Port 0x03: BrainLAB Black Probe  s/n:38220401,1785399286,1733823854.768744692,1,OK,0.4270492,0.2152923,0.6237337,-0.6182512,66.591,68.310,-1886.515,0.8161596,3,OK,-143.883,71.339,-1727.025,OK,-25.146,67.042,-1804.730,OK,-99.518,67.035,-1734.564
3,Port 0x01: BrainLAB Y Junction  s/n:38220010,1785399289,1733823854.818744692,1,OK,0.8950727,0.1545049,-0.2847848,-0.3063833,-268.521,78.022,-1989.753,0.2693439,3,OK,-268.348,78.103,-1989.650,OK,-344.299,100.772,-2040.915,OK,-295.879,169.833,-2016.558,Port 0x02: BrainLAB T Junction  s/n:3B21FC02,1785399289,1733823854.818744692,1,OK,0.9600589,-0.2741581,-0.0476965,0.0291433,131.815,-137.869,-1777.062,0.6598417,3,OK,132.187,-137.455,-1777.233,OK,36.926,-115.279,-1818.616,OK,108.785,-63.301,-1833.072,Port 0x03: BrainLAB Black Probe  s/n:38220401,1785399289,1733823854.818744692,1,OK,0.4269329,0.2147708,0.6237699,-0.6184764,66.446,68.294,-1886.656,0.8372992,3,OK,-143.898,71.358,-1726.984,OK,-25.167,67.048,-1804.839,OK,-99.556,67.057,-1734.489
3,Port 0x01: BrainLAB Y Junction  s/n:38220010,1785399292,1733823854.868744692,1,OK,0.8951645,0.1541749,-0.2846559,-0.3064012,-268.500,78.029,-1989.780,0.2509541,3,OK,-268.331,78.089,-1989.676,OK,-344.280,100.772,-2040.905,OK,-295.877,169.840,-2016.632,Port 0x02: BrainLAB T Junction  s/n:3B21FC02,1785399292,1733823854.868744692,1,OK,0.9599867,-0.2744115,-0.0477034,0.0291258,131.828,-137.849,-1777.048,0.6495618,3,OK,132.202,-137.446,-1777.211,OK,36.941,-115.279,-1818.617,OK,108.804,-63.295,-1833.108,Port 0x03: BrainLAB Black Probe  s/n:38220401,1785399292,1733823854.868744692,1,OK,0.4269986,0.2152894,0.6238766,-0.6181429,66.590,68.315,-1886.480,0.8201113,3,OK,-143.855,71.271,-1726.963,OK,-25.133,67.012,-1804.687,OK,-99.507,66.975,-1734.498
3,Port 0x01: BrainLAB Y Junction  s/n:38220010,1785399295,1733823854.918744692,1,OK,0.8951530,0.1544019,-0.2846724,-0.3063049,-268.492,78.021,-1989.760,0.2613397,3,OK,-268.326,78.098,-1989.660,OK,-344.279,100.748,-2040.898,OK,-295.876,169.826,-2016.576,Port 0x02: BrainLAB T Junction  s/n:3B21FC02,1785399295,1733823854.918744692,1,OK,0.9600600,-0.2741911,-0.0474783,0.0291511,131.844,-137.877,-1777.081,0.6519357,3,OK,132.211,-137.465,-1777.252,OK,36.940,-115.286,-1818.593,OK,108.804,-63.301,-1833.092,Port 0x03: BrainLAB Black Probe  s/n:38220401,1785399295,1733823854.918744692,1,OK,0.4272142,0.2151286,0.6239808,-0.6179447,66.641,68.294,-1886.424,0.8677369,3,OK,-143.812,71.090,-1726.969,OK,-25.101,66.920,-1804.651,OK,-99.454,66.810,-1734.391
3,Port 0x01: BrainLAB Y Junction  s/n:38220010,1785399298,1733823854.968744692,1,OK,0.8950124,0.1541748,-0.2853789,-0.3061730,-268.524,78.044,-1989.662,0.2960797,3,OK,-268.311,78.103,-1989.530,OK,-344.284,100.760,-2040.944,OK,-295.860,169.829,-2016.596,Port 0x02: BrainLAB T Junction  s/n:3B21FC02,1785399298,1733823854.968744692,1,OK,0.9601769,-0.2737083,-0.0478361,0.0292547,131.840,-137.901,-1777.079,0.6786576,3,OK,132.221,-137.473,-1777.256,OK,36.941,-115.297,-1818.635,OK,108.796,-63.309,-1833.010,Port 0x03: BrainLAB Black Probe  s/n:38220401,1785399298,1733823854.968744692,1,OK,0.4273075,0.2147390,0.6239249,-0.6180721,66.601,68.281,-1886.455,0.9059188,3,OK,-143.798,71.078,-1726.958,OK,-25.099,66.915,-1804.678,OK,-99.443,66.802,-1734.294
3,Port 0x01: BrainLAB Y Junction  s/n:38220010,1785399301,1733823855.018744692,1,OK,0.8951277,0.1540142,-0.2849447,-0.3063211,-268.507,78.058,-1989.684,0.2649192,3,OK,-268.325,78.120,-1989.573,OK,-344.278,100.782,-2040.867,OK,-295.862,169.852,-2016.592,Port 0x02: BrainLAB T Junction  s/n:3B21FC02,1785399301,1733823855.018744692,1,OK,0.9600676,-0.2741858,-0.0473666,0.0291320,131.836,-137.867,-1777.064,0.6503323,3,OK,132.194,-137.451,-1777.241,OK,36.932,-115.271,-1818.552,OK,108.795,-63.290,-1833.068,Port 0x03: BrainLAB Black Probe  s/n:38220401,1785399301,1733823855.018744692,1,OK,0.4272005,0.2144700,0.6240266,-0.6181369,66.530,68.315,-1886.505,0.8766434,3,OK,-143.792,71.091,-1726.852,OK,-25.096,66.941,-1804.681,OK,-99.438,66.831,-1734.275
3,Port 0x01: BrainLAB Y Junction  s/n:38220010,1785399304,1733823855.068744692,1,OK,0.8951952,0.1544027,-0.2844100,-0.3064251,-268.492,78.015,-1989.830,0.2532602,3,OK,-268.342,78.105,-1989.741,OK,-344.291,100.755,-2040.914,OK,-295.876,169.823,-2016.608,Port 0x02: BrainLAB T Junction  s/n:3B21FC02,1785399304,1733823855.068744692,1,OK,0.9600586,-0.2741844,-0.0475573,0.0291320,131.833,-137.883,-1777.093,0.6603891,3,OK,132.205,-137.466,-1777.266,OK,36.931,-115.288,-1818.624,OK,108.800,-63.315,-1833.101,Port 0x03: BrainLAB Black Probe  s/n:38220401,1785399304,1733823855.068744692,1,OK,0.4272196,0.2146748,0.6241913,-0.6178862,66.542,68.302,-1886.571,0.8415832,3,OK,-143.812,70.954,-1726.935,OK,-25.104,66.865,-1804.750,OK,-99.467,66.713,-1734.437
3,Port 0x01: BrainLAB Y Junction  s/n:38220010,1785399307,1733823855.118744692,1,OK,0.8951370,0.1541705,-0.2848463,-0.3063066,-268.501,78.028,-1989.756,0.2589011,3,OK,-268.320,78.089,-1989.646,OK,-344.272,100.764,-2040.921,OK,-295.877,169.820,-2016.635,Port 0x02: BrainLAB T Junction  s/n:3B21FC02,1785399307,1733823855.118744692,1,OK,0.9601181,-0.2739911,-0.0474302,0.0291973,131.860,-137.885,-1777.121,0.6611271,3,OK,132.223,-137.462,-1777.301,OK,36.955,-115.281,-1818.612,OK,108.805,-63.303,-1833.090,Port 0x03: BrainLAB Black Probe  s/n:38220401,1785399307,1733823855.118744692,1,OK,0.4267239,0.2153165,0.6245388,-0.6176543,66.563,68.316,-1886.552,0.8437715,3,OK,-143.790,70.956,-1726.910,OK,-25.090,66.855,-1804.726,OK,-99.431,66.676,-1734.417
3,Port 0x01: BrainLAB Y Junction  s/n:38220010,1785399310,1733823855.168744692,1,OK,0.8952155,0.1537740,-0.2847558,-0.3063608,-268.487,78.056,-1989.729,0.2491368,3,OK,-268.307,78.103,-1989.617,OK,-344.266,100.784,-2040.866,OK,-295.864,169.845,-2016.661,Port 0x02: BrainLAB T Junction  s/n:3B21FC02,1785399310,1733823855.168744692,1,OK,0.9599965,-0.2744345,-0.0473849,0.0291043,131.846,-137.862,-1777.058,0.6421852,3,OK,132.210,-137.459,-1777.225,OK,36.945,-115.280,-1818.565,OK,108.810,-63.300,-1833.111,Port 0x03: BrainLAB Black Probe  s/n:38220401,1785399310,1733823855.168744692,1,OK,0.4270767,0.2149805,0.6243137,-0.6177550,66.538,68.350,-1886.575,0.8262313,3,OK,-143.830,70.980,-1726.954,OK,-25.120,66.896,-1804.759,OK,-99.505,66.733,-1734.490
3,Port 0x01: BrainLAB Y Junction  s/n:38220010,1785399313,1733823855.218744692,1,OK,0.8951358,0.1544401,-0.2845754,-0.3064262,-268.508,78.017,-1989.822,0.2546250,3,OK,-268.346,78.091,-1989.725,OK,-344.292,100.767,-2040.938,OK,-295.883,169.834,-2016.618,Port 0x02: BrainLAB T Junction  s/n:3B21FC02,1785399313,1733823855.218744692,1,OK,0.9600476,-0.2742235,-0.0475368,0.0291601,131.835,-137.876,-1777.062,0.6526678,3,OK,132.202,-137.464,-1777.233,OK,36.938,-115.291,-1818.586,OK,108.796,-63.307,-1833.080,Port 0x03: BrainLAB Black Probe  s/n:38220401,1785399313,1733823855.218744692,1,OK,0.4270531,0.2155486,0.6242298,-0.6176582,66.568,68.326,-1886.557,0.8324340,3,OK,-143.927,71.021,-1727.109,OK,-25.174,66.893,-1804.802,OK,-99.573,66.743,-1734.604
3,Port 0x01: BrainLAB Y Junction  s/n:38220010,1785399316,1733823855.268744692,1,OK,0.8951985,0.1540984,-0.2847195,-0.3062811,-268.502,78.045,-1989.767,0.2595784,3,OK,-268.328,78.108,-1989.661,OK,-344.291,100.756,-2040.910,OK,-295.885,169.845,-2016.641,Port 0x02: BrainLAB T Junction  s/n:3B21FC02,1785399316,1733823855.268744692,1,OK,0.9600488,-0.2742676,-0.0472763,0.0291281,131.844,-137.862,-1777.061,0.6499205,3,OK,132.203,-137.448,-1777.237,OK,36.936,-115.266,-1818.538,OK,108.797,-63.293,-1833.075,Port 0x03: BrainLAB Black Probe  s/n:38220401,1785399316,1733823855.268744692,1,OK,0.4275426,0.2145387,0.6235722,-0.6183351,66.503,68.324,-1886.675,0.8661700,3,OK,-143.953,71.249,-1727.184,OK,-25.181,67.025,-1804.925,OK,-99.592,66.983,-1734.590
3,Port 0x01: BrainLAB Y Junction  s/n:38220010,1785399319,1733823855.318744692,1,OK,0.8951139,0.1542797,-0.2849134,-0.3062568,-268.491,78.037,-1989.786,0.2789755,3,OK,-268.300,78.109,-1989.670,OK,-344.277,100.762,-2040.978,OK,-295.859,169.827,-2016.649,Port 0x02: BrainLAB T Junction  s/n:3B21FC02,1785399319,1733823855.318744692,1,OK,0.9600909,-0.2740952,-0.0473867,0.0291845,131.857,-137.880,-1777.102,0.6602167,3,OK,132.222,-137.457,-1777.281,OK,36.942,-115.284,-1818.589,OK,108.809,-63.304,-1833.085,Port 0x03: BrainLAB Black Probe  s/n:38220401,1785399319,1733823855.318744692,1,OK,0.4273249,0.2152003,0.6235804,-0.6182473,66.597,68.315,-1886.545,0.8501830,3,OK,-143.925,71.326,-1727.164,OK,-25.165,67.045,-1804.815,OK,-99.582,67.029,-1734.599
3,Port 0x01: BrainLAB Y Junction  s/n:38220010,1785399322,1733823855.368744692,1,OK,0.8951696,0.1539536,-0.2848521,-0.3063152,-268.491,78.044,-1989.716,0.2619460,3,OK,-268.310,78.107,-1989.605,OK,-344.271,100.767,-2040.881,OK,-295.858,169.830,-2016.625,Port 0x02: BrainLAB T Junction  s/n:3B21FC02,1785399322,1733823855.368744692,1,OK,0.9600579,-0.2742298,-0.0472975,0.0291516,131.849,-137.878,-1777.099,0.6525052,3,OK,132.210,-137.462,-1777.274,OK,36.937,-115.284,-1818.577,OK,108.800,-63.308,-1833.106,Port 0x03: BrainLAB Black Probe  s/n:38220401,1785399322,1733823855.368744692,1,OK,0.4271688,0.2145419,0.6237049,-0.6184583,66.499,68.319,-1886.636,0.8295825,3,OK,-143.861,71.320,-1726.975,OK,-25.124,67.050,-1804.817,OK,-99.506,67.043,-1734.495
3,Port 0x01: BrainLAB Y Junction  s/n:38220010,1785399325,1733823855.418744692,1,OK,0.8951154,0.1545801,-0.2846701,-0.3063273,-268.498,78.018,-1989.767,0.2714024,3,OK,-268.326,78.098,-1989.664,OK,-344.291,100.756,-2040.914,OK,-295.876,169.832,-2016.552,Port 0x02: BrainLAB T Junction  s/n:3B21FC02,1785399325,1733823855.418744692,1,OK,0.9600499,-0.2742192,-0.0475236,0.0291455,131.835,-137.863,-1777.101,0.6527547,3,OK,132.205,-137.453,-1777.271,OK,36.934,-115.275,-1818.624,OK,108.798,-63.292,-1833.119,Port 0x03: BrainLAB Black Probe  s/n:38220401,1785399325,1733823855.418744692,1,OK,0.4274238,0.2142306,0.6235697,-0.6185264,66.548,68.303,-1886.594,0.8602995,3,OK,-143.807,71.284,-1726.974,OK,-25.102,67.034,-1804.772,OK,-99.444,67.020,-1734.425
3,Port 0x01: BrainLAB Y Junction  s/n:38220010,1785399328,1733823855.468744692,1,OK,0.8952457,0.1540553,-0.2845311,-0.3063399,-268.487,78.035,-1989.794,0.2389300,3,OK,-268.325,78.092,-1989.695,OK,-344.272,100.761,-2040.890,OK,-295.890,169.834,-2016.659,Port 0x02: BrainLAB T Junction  s/n:3B21FC02,1785399328,1733823855.468744692,1,OK,0.9601473,-0.2739082,-0.0473301,0.0291766,131.855,-137.894,-1777.128,0.6583295,3,OK,132.210,-137.467,-1777.313,OK,36.944,-115.282,-1818.592,OK,108.804,-63.297,-1833.079,Port 0x03: BrainLAB Black Probe  s/n:38220401,1785399328,1733823855.468744692,1,OK,0.4270190,0.2141850,0.6237393,-0.6186508,66.514,68.266,-1886.609,0.9084319,3,OK,-143.729,71.323,-1726.870,OK,-25.062,67.028,-1804.755,OK,-99.363,67.023,-1734.234
3,Port 0x01: BrainLAB Y Junction  s/n:38220010,1785399331,1733823855.518744692,1,OK,0.8951332,0.1542648,-0.2847311,-0.3063775,-268.507,78.032,-1989.780,0.2558112,3,OK,-268.344,78.112,-1989.682,OK,-344.280,100.770,-2040.920,OK,-295.871,169.828,-2016.619,Port 0x02: BrainLAB T Junction  s/n:3B21FC02,1785399331,1733823855.518744692,1,OK,0.9600780,-0.2741445,-0.0473739,0.0291671,131.846,-137.880,-1777.097,0.6541172,3,OK,132.207,-137.462,-1777.274,OK,36.936,-115.286,-1818.584,OK,108.800,-63.303,-1833.092,Port 0x03: BrainLAB Black Probe  s/n:38220401,1785399331,1733823855.518744692,1,OK,0.4268320,0.2142622,0.6236324,-0.6188608,66.531,68.285,-1886.651,0.8232610,3,OK,-143.675,71.487,-1726.808,OK,-25.046,67.113,-1804.726,OK,-99.327,67.188,-1734.390
3,Port 0x01: BrainLAB Y Junction  s/n:38220010,1785399334,1733823855.568744694,1,OK,0.8950714,0.1544100,-0.2848778,-0.3063485,-268.516,78.031,-1989.763,0.2763621,3,OK,-268.332,78.107,-1989.651,OK,-344.296,100.776,-2040.946,OK,-295.871,169.833,-2016.595,Port 0x02: BrainLAB T Junction  s/n:3B21FC02,1785399334,1733823855.568744694,1,OK,0.9601039,-0.2740875,-0.0471842,0.0291589,131.856,-137.874,-1777.098,0.6525697,3,OK,132.210,-137.452,-1777.280,OK,36.939,-115.267,-1818.545,OK,108.801,-63.288,-1833.076,Port 0x03: BrainLAB Black Probe  s/n:38220401,1785399334,1733823855.568744694,1,OK,0.4268005,0.2140364,0.6237092,-0.6188834,66.467,68.304,-1886.656,0.8114291,3,OK,-143.691,71.470,-1726.714,OK,-25.059,67.116,-1804.704,OK,-99.337,67.183,-1734.335
3,Port 0x01: BrainLAB Y Junction  s/n:38220010,1785399337,1733823855.618744694,1,OK,0.8951805,0.1537381,-0.2850637,-0.3061945,-268.514,78.045,-1989.687,0.2670227,3,OK,-268.313,78.082,-1989.561,OK,-344.286,100.750,-2040.892,OK,-295.890,169.825,-2016.669,Port 0x02: BrainLAB T Junction  s/n:3B21FC02,1785399337,1733823855.618744694,1,OK,0.9601187,-0.2740055,-0.0473496,0.0291725,131.853,-137.892,-1777.084,0.6540276,3,OK,132.207,-137.470,-1777.266,OK,36.945,-115.290,-1818.556,OK,108.805,-63.302,-1833.055,Port 0x03: BrainLAB Black Probe  s/n:38220401,1785399337,1733823855.618744694,1,OK,0.4271021,0.2143319,0.6234101,-0.6188744,66.629,68.313,-1886.483,0.7938485,3,OK,-143.654,71.536,-1726.745,OK,-25.024,67.154,-1804.573,OK,-99.315,67.253,-1734.386
3,Port 0x01: BrainLAB Y Junction  s/n:38220010,1785399340,1733823855.668744694,1,OK,0.8950888,0.1539251,-0.2852050,-0.3062373,-268.518,78.053,-1989.686,0.2807029,3,OK,-268.308,78.096,-1989.554,OK,-344.284,100.775,-2040.924,OK,-295.869,169.840,-2016.645,Port 0x02: BrainLAB T Junction  s/n:3B21FC02,1785399340,1733823855.668744694,1,OK,0.9600549,-0.2742617,-0.0471822,0.0291374,131.862,-137.861,-1777.076,0.6494767,3,OK,132.219,-137.444,-1777.254,OK,36.946,-115.263,-1818.534,OK,108.811,-63.289,-1833.085,Port 0x03: BrainLAB Black Probe  s/n:38220401,1785399340,1733823855.668744694,1,OK,0.4272590,0.2133370,0.6231976,-0.6193237,66.495,68.310,-1886.680,0.8623012,3,OK,-143.656,71.620,-1726.781,OK,-25.019,67.211,-1804.756,OK,-99.311,67.342,-1734.268
3,Port 0x01: BrainLAB Y Junction  s/n:38220010,1785399343,1733823855.718744694,1,OK,0.8950669,0.1540127,-0.2852604,-0.3062057,-268.512,78.053,-1989.646,0.2906480,3,OK,-268.297,78.101,-1989.512,OK,-344.282,100.769,-2040.902,OK,-295.858,169.841,-2016.595,Port 0x02: BrainLAB T Junction  s/n:3B21FC02,1785399343,1733823855.718744694,1,OK,0.9600046,-0.2744281,-0.0472437,0.0291270,131.848,-137.863,-1777.080,0.6419316,3,OK,132.209,-137.457,-1777.249,OK,36.933,-115.281,-1818.558,OK,108.803,-63.300,-1833.125,Port 0x03: BrainLAB Black Probe  s/n:38220401,1785399343,1733823855.718744694,1,OK,0.4272575,0.2136142,0.6231384,-0.6192887,66.517,68.328,-1886.646,0.8245923,3,OK,-143.699,71.672,-1726.798,OK,-25.037,67.240,-1804.733,OK,-99.342,67.391,-1734.363
3,Port 0x01: BrainLAB Y Junction  s/n:38220010,1785399346,1733823855.768744694,1,OK,0.8951860,0.1538190,-0.2849405,-0.3062526,-268.515,78.045,-1989.696,0.2526802,3,OK,-268.331,78.087,-1989.582,OK,-344.280,100.756,-2040.869,OK,-295.893,169.836,-2016.648,Port 0x02: BrainLAB T Junction  s/n:3B21FC02,1785399346,1733823855.768744694,1,OK,0.9599089,-0.2747916,-0.0471120,0.0290660,131.845,-137.837,-1777.039,0.6300586,3,OK,132.202,-137.442,-1777.203,OK,36.938,-115.267,-1818.513,OK,108.801,-63.299,-1833.145,Port 0x03: BrainLAB Black Probe  s/n:38220401,1785399346,1733823855.768744694,1,OK,0.4272420,0.2136341,0.6231227,-0.6193084,66.558,68.344,-1886.612,0.8596384,3,OK,-143.638,71.709,-1726.805,OK,-25.017,67.267,-1804.702,OK,-99.303,67.417,-1734.291
3,Port 0x01: BrainLAB Y Junction  s/n:38220010,1785399349,1733823855.818744694,1,OK,0.8951221,0.1543647,-0.2847511,-0.3063409,-268.521,78.027,-1989.799,0.2583808,3,OK,-268.350,78.089,-1989.694,OK,-344.296,100.763,-2040.948,OK,-295.897,169.845,-2016.633,Port 0x02: BrainLAB T Junction  s/n:3B21FC02,1785399349,1733823855.818744694,1,OK,0.9600434,-0.2742250,-0.0476203,0.0291489,131.828,-137.855,-1777.062,0.6561134,3,OK,132.200,-137.446,-1777.230,OK,36.939,-115.267,-1818.605,OK,108.790,-63.291,-1833.083,Port 0x03: BrainLAB Black Probe  s/n:38220401,1785399349,1733823855.818744694,1,OK,0.4273226,0.2131640,0.6231603,-0.6193769,66.501,68.332,-1886.636,0.8984380,3,OK,-143.625,71.643,-1726.750,OK,-25.018,67.237,-1804.707,OK,-99.275,67.362,-1734.158
3,Port 0x01: BrainLAB Y Junction  s/n:38220010,1785399352,1733823855.868744694,1,OK,0.8949954,0.1543195,-0.2852254,-0.3062926,-268.530,78.019,-1989.716,0.2926868,3,OK,-268.319,78.076,-1989.585,OK,-344.295,100.764,-2040.970,OK,-295.865,169.822,-2016.606,Port 0x02: BrainLAB T Junction  s/n:3B21FC02,1785399352,1733823855.868744694,1,OK,0.9600924,-0.2741126,-0.0472564,0.0291845,131.857,-137.890,-1777.098,0.6523095,3,OK,132.214,-137.470,-1777.278,OK,36.940,-115.293,-1818.559,OK,108.802,-63.308,-1833.084,Port 0x03: BrainLAB Black Probe  s/n:38220401,1785399352,1733823855.868744694,1,OK,0.4276745,0.2127646,0.6226938,-0.6197404,66.571,68.283,-1886.523,0.8899801,3,OK,-143.576,71.746,-1726.680,OK,-24.990,67.274,-1804.583,OK,-99.217,67.476,-1734.104
3,Port 0x01: BrainLAB Y Junction  s/n:38220010,1785399355,1733823855.918744694,1,OK,0.8950686,0.1541710,-0.2850984,-0.3062718,-268.522,78.058,-1989.722,0.2889093,3,OK,-268.312,78.116,-1989.593,OK,-344.301,100.793,-2040.951,OK,-295.872,169.847,-2016.624,Port 0x02: BrainLAB T Junction  s/n:3B21FC02,1785399355,1733823855.918744694,1,OK,0.9601067,-0.2740647,-0.0472420,0.0291858,131.854,-137.853,-1777.091,0.6572824,3,OK,132.208,-137.427,-1777.275,OK,36.936,-115.252,-1818.546,OK,108.800,-63.272,-1833.063,Port 0x03: BrainLAB Black Probe  s/n:38220401,1785399355,1733823855.918744694,1,OK,0.4271884,0.2132362,0.6229722,-0.6196338,66.551,68.331,-1886.588,0.8733765,3,OK,-143.559,71.825,-1726.677,OK,-24.976,67.321,-1804.634,OK,-99.220,67.525,-1734.150
3,Port 0x01: BrainLAB Y Junction  s/n:38220010,1785399358,1733823855.968744694,1,OK,0.8951454,0.1544363,-0.2846499,-0.3063309,-268.503,78.036,-1989.832,0.2626703,3,OK,-268.339,78.118,-1989.734,OK,-344.291,100.766,-2040.966,OK,-295.881,169.843,-2016.636,Port 0x02: BrainLAB T Junction  s/n:3B21FC02,1785399358,1733823855.968744694,1,OK,0.9601005,-0.2740743,-0.0473106,0.0291902,131.863,-137.865,-1777.083,0.6574208,3,OK,132.221,-137.440,-1777.266,OK,36.946,-115.268,-1818.552,OK,108.813,-63.285,-1833.061,Port 0x03: BrainLAB Black Probe  s/n:38220401,1785399358,1733823855.968744694,1,OK,0.4271476,0.2132727,0.6228679,-0.6197542,66.558,68.342,-1886.565,0.8920948,3,OK,-143.560,71.926,-1726.678,OK,-24.972,67.375,-1804.624,OK,-99.215,67.608,-1734.103
3,Port 0x01: BrainLAB Y Junction  s/n:38220010,1785399361,1733823856.018744694,1,OK,0.8949527,0.1547535,-0.2850662,-0.3063467,-268.531,77.988,-1989.741,0.2957887,3,OK,-268.332,78.063,-1989.620,OK,-344.304,100.750,-2040.973,OK,-295.867,169.811,-2016.537,Port 0x02: BrainLAB T Junction  s/n:3B21FC02,1785399361,1733823856.018744694,1,OK,0.9600745,-0.2741426,-0.0474377,0.0291955,131.840,-137.886,-1777.049,0.6556523,3,OK,132.202,-137.468,-1777.225,OK,36.938,-115.296,-1818.547,OK,108.788,-63.315,-1833.045,Port 0x03: BrainLAB Black Probe  s/n:38220401,1785399361,1733823856.018744694,1,OK,0.4275065,0.2133396,0.6225459,-0.6198072,66.573,68.261,-1886.568,0.8668246,3,OK,-143.663,71.893,-1726.828,OK,-25.037,67.321,-1804.671,OK,-99.310,67.587,-1734.284
3,Port 0x01: BrainLAB Y Junction  s/n:38220010,1785399364,1733823856.068744694,1,OK,0.8949404,0.1543794,-0.2854406,-0.3062226,-268.548,78.073,-1989.734,0.3027010,3,OK,-268.324,78.122,-1989.594,OK,-344.302,100.813,-2041.032,OK,-295.877,169.879,-2016.643,Port 0x02: BrainLAB T Junction  s/n:3B21FC02,1785399364,1733823856.068744694,1,OK,0.9600711,-0.2741612,-0.0474334,0.0291406,131.834,-137.841,-1777.066,0.6595210,3,OK,132.203,-137.422,-1777.242,OK,36.925,-115.242,-1818.570,OK,108.795,-63.269,-1833.064,Port 0x03: BrainLAB Black Probe  s/n:38220401,1785399364,1733823856.068744694,1,OK,0.4277755,0.2133462,0.6221551,-0.6200118,66.656,68.319,-1886.468,0.8724311,3,OK,-143.662,72.090,-1726.867,OK,-25.034,67.451,-1804.601,OK,-99.300,67.776,-1734.293
3,Port 0x01: BrainLAB Y Junction  s/n:38220010,1785399367,1733823856.118744694,1,OK,0.8951548,0.1539902,-0.2848919,-0.3063028,-268.502,78.002,-1989.722,0.2615787,3,OK,-268.325,78.061,-1989.613,OK,-344.276,100.714,-2040.892,OK,-295.863,169.804,-2016.629,Port 0x02: BrainLAB T Junction  s/n:3B21FC02,1785399367,1733823856.118744694,1,OK,0.9600128,-0.2743568,-0.0474741,0.0291550,131.855,-137.880,-1777.037,0.6472042,3,OK,132.218,-137.471,-1777.208,OK,36.956,-115.306,-1818.554,OK,108.817,-63.319,-1833.077,Port 0x03: BrainLAB Black Probe  s/n:38220401,1785399367,1733823856.118744694,1,OK,0.4279163,0.2122514,0.6221101,-0.6203354,66.531,68.253,-1886.595,0.8666499,3,OK,-143.608,71.996,-1726.714,OK,-25.000,67.390,-1804.651,OK,-99.260,67.727,-1734.182
3,Port 0x01: BrainLAB Y Junction  s/n:38220010,1785399370,1733823856.168744694,1,OK,0.8950965,0.1545515,-0.2847838,-0.3062912,-268.498,78.023,-1989.865,0.2732504,3,OK,-268.319,78.099,-1989.757,OK,-344.283,100.759,-2041.032,OK,-295.874,169.831,-2016.669,Port 0x02: BrainLAB T Junction  s/n:3B21FC02,1785399370,1733823856.168744694,1,OK,0.9601326,-0.2739133,-0.0475756,0.0292153,131.865,-137.881,-1777.076,0.6724830,3,OK,132.240,-137.454,-1777.254,OK,36.956,-115.277,-1818.594,OK,108.816,-63.301,-1833.032,Port 0x03: BrainLAB Black Probe  s/n:38220401,1785399370,1733823856.168744694,1,OK,0.4274834,0.2122923,0.6223332,-0.6203961,66.493,68.329,-1886.651,0.8413617,3,OK,-143.549,72.118,-1726.589,OK,-24.952,67.479,-1804.653,OK,-99.202,67.832,-1734.142
3,Port 0x01: BrainLAB Y Junction  s/n:38220010,1785399373,1733823856.218744694,1,OK,0.8950805,0.1544128,-0.2848476,-0.3063484,-268.505,78.036,-1989.807,0.2778054,3,OK,-268.318,78.107,-1989.694,OK,-344.290,100.780,-2040.987,OK,-295.863,169.846,-2016.637,Port 0x02: BrainLAB T Junction  s/n:3B21FC02,1785399373,1733823856.218744694,1,OK,0.9600729,-0.2741986,-0.0471921,0.0291221,131.850,-137.871,-1777.050,0.6472428,3,OK,132.205,-137.456,-1777.228,OK,36.936,-115.267,-1818.506,OK,108.801,-63.289,-1833.051,Port 0x03: BrainLAB Black Probe  s/n:38220401,1785399373,1733823856.218744694,1,OK,0.4283422,0.2117760,0.6217449,-0.6205700,66.499,68.314,-1886.638,0.8639489,3,OK,-143.684,72.111,-1726.787,OK,-25.033,67.489,-1804.715,OK,-99.309,67.863,-1734.246
3,Port 0x01: BrainLAB Y Junction  s/n:38220010,1785399376,1733823856.268744694,1,OK,0.8951583,0.1543357,-0.2845229,-0.3064616,-268.520,77.990,-1989.818,0.2576500,3,OK,-268.362,78.074,-1989.724,OK,-344.313,100.737,-2040.924,OK,-295.886,169.799,-2016.617,Port 0x02: BrainLAB T Junction  s/n:3B21FC02,1785399376,1733823856.268744694,1,OK,0.9601151,-0.2740534,-0.0471616,0.0291469,131.835,-137.914,-1777.100,0.6543835,3,OK,132.184,-137.488,-1777.286,OK,36.923,-115.301,-1818.539,OK,108.779,-63.329,-1833.068,Port 0x03: BrainLAB Black Probe  s/n:38220401,1785399376,1733823856.268744694,1,OK,0.4278150,0.2118943,0.6218568,-0.6207812,66.395,68.305,-1886.731,0.8433837,3,OK,-143.677,72.264,-1726.707,OK,-25.048,67.548,-1804.759,OK,-99.337,67.983,-1734.236
3,Port 0x01: BrainLAB Y Junction  s/n:38220010,1785399379,1733823856.318744694,1,OK,0.8950057,0.1545895,-0.2850519,-0.3062879,-268.529,78.021,-1989.791,0.2964968,3,OK,-268.330,78.103,-1989.671,OK,-344.310,100.765,-2041.021,OK,-295.873,169.822,-2016.612,Port 0x02: BrainLAB T Junction  s/n:3B21FC02,1785399379,1733823856.318744694,1,OK,0.9601044,-0.2740600,-0.0473176,0.0291840,131.859,-137.866,-1777.070,0.6586177,3,OK,132.220,-137.444,-1777.250,OK,36.945,-115.264,-1818.542,OK,108.804,-63.286,-1833.046,Port 0x03: BrainLAB Black Probe  s/n:38220401,1785399379,1733823856.318744694,1,OK,0.4281694,0.2122536,0.6219359,-0.6203347,66.566,68.324,-1886.556,0.8634046,3,OK,-143.653,72.070,-1726.771,OK,-25.008,67.466,-1804.648,OK,-99.286,67.808,-1734.227
3,Port 0x01: BrainLAB Y Junction  s/n:38220010,1785399382,1733823856.368744694,1,OK,0.8951129,0.1545897,-0.2844753,-0.3065106,-268.473,77.994,-1989.805,0.2650335,3,OK,-268.316,78.089,-1989.713,OK,-344.270,100.757,-2040.909,OK,-295.832,169.815,-2016.552,Port 0x02: BrainLAB T Junction  s/n:3B21FC02,1785399382,1733823856.368744694,1,OK,0.9600053,-0.2744648,-0.0470204,0.0291214,131.871,-137.878,-1777.061,0.6397896,3,OK,132.224,-137.470,-1777.235,OK,36.953,-115.287,-1818.497,OK,108.812,-63.318,-1833.102,Port 0x03: BrainLAB Black Probe  s/n:38220401,1785399382,1733823856.368744694,1,OK,0.4282274,0.2122278,0.6220910,-0.6201479,66.632,68.300,-1886.532,0.8407679,3,OK,-143.566,71.911,-1726.727,OK,-24.963,67.379,-1804.590,OK,-99.216,67.676,-1734.251
3,Port 0x01: BrainLAB Y Junction  s/n:38220010,1785399385,1733823856.418744694,1,OK,0.8951423,0.1543636,-0.2845599,-0.3064601,-268.487,78.001,-1989.825,0.2544624,3,OK,-268.330,78.081,-1989.732,OK,-344.272,100.750,-2040.935,OK,-295.853,169.814,-2016.626,Port 0x02: BrainLAB T Junction  s/n:3B21FC02,1785399385,1733823856.418744694,1,OK,0.9600382,-0.2743332,-0.0470997,0.0291463,131.866,-137.888,-1777.082,0.6437055,3,OK,132.222,-137.476,-1777.257,OK,36.941,-115.297,-1818.525,OK,108.811,-63.316,-1833.102,Port 0x03: BrainLAB Black Probe  s/n:38220401,1785399385,1733823856.418744694,1,OK,0.4280393,0.2118398,0.6222689,-0.6202320,66.526,68.275,-1886.615,0.8894997,3,OK,-143.554,71.862,-1726.655,OK,-24.948,67.344,-1804.657,OK,-99.204,67.620,-1734.081
3,Port 0x01: BrainLAB Y Junction  s/n:38220010,1785399388,1733823856.468744694,1,OK,0.8951665,0.1540038,-0.2847911,-0.3063556,-268.518,78.044,-1989.725,0.2570777,3,OK,-268.337,78.104,-1989.615,OK,-344.296,100.781,-2040.877,OK,-295.889,169.833,-2016.621,Port 0x02: BrainLAB T Junction  s/n:3B21FC02,1785399388,1733823856.468744694,1,OK,0.9600254,-0.2743314,-0.0473607,0.0291621,131.845,-137.847,-1777.068,0.6501349,3,OK,132.212,-137.437,-1777.239,OK,36.934,-115.266,-1818.565,OK,108.799,-63.285,-1833.098,Port 0x03: BrainLAB Black Probe  s/n:38220401,1785399388,1733823856.468744694,1,OK,0.4282941,0.2117697,0.6221456,-0.6202037,66.548,68.322,-1886.606,0.8891991,3,OK,-143.579,71.875,-1726.727,OK,-24.979,67.381,-1804.660,OK,-99.220,67.649,-1734.146
3,Port 0x01: BrainLAB Y Junction  s/n:38220010,1785399391,1733823856.518744694,1,OK,0.8950945,0.1545587,-0.2846763,-0.3063932,-268.524,77.974,-1989.803,0.2650876,3,OK,-268.362,78.066,-1989.707,OK,-344.305,100.724,-2040.943,OK,-295.889,169.778,-2016.585,Port 0x02: BrainLAB T Junction  s/n:3B21FC02,1785399391,1733823856.518744694,1,OK,0.9600618,-0.2741872,-0.0474301,0.0292061,131.842,-137.891,-1777.071,0.6561998,3,OK,132.215,-137.479,-1777.241,OK,36.928,-115.305,-1818.574,OK,108.788,-63.320,-1833.078,Port 0x03: BrainLAB Black Probe  s/n:38220401,1785399391,1733823856.518744694,1,OK,0.4278950,0.2120879,0.6225067,-0.6200081,66.521,68.300,-1886.604,0.8701212,3,OK,-143.550,71.789,-1726.630,OK,-24.962,67.317,-1804.632,OK,-99.218,67.554,-1734.108
3,Port 0x01: BrainLAB Y Junction  s/n:38220010,1785399394,1733823856.568744690,1,OK,0.8950419,0.1547551,-0.2846067,-0.3065124,-268.493,78.000,-1989.819,0.2738360,3,OK,-268.324,78.094,-1989.719,OK,-344.283,100.782,-2040.954,OK,-295.844,169.821,-2016.554,Port 0x02: BrainLAB T Junction  s/n:3B21FC02,1785399394,1733823856.568744690,1,OK,0.9600677,-0.2741304,-0.0476575,0.0291775,131.843,-137.872,-1777.058,0.6623147,3,OK,132.217,-137.455,-1777.230,OK,36.946,-115.285,-1818.602,OK,108.807,-63.305,-1833.060,Port 0x03: BrainLAB Black Probe  s/n:38220401,1785399394,1733823856.568744690,1,OK,0.4282636,0.2119610,0.6223105,-0.6199939,66.558,68.320,-1886.571,0.8479152,3,OK,-143.594,71.772,-1726.681,OK,-24.979,67.326,-1804.618,OK,-99.235,67.561,-1734.195
3,Port 0x01: BrainLAB Y Junction  s/n:38220010,1785399397,1733823856.618744690,1,OK,0.8949886,0.1548582,-0.2848404,-0.3063990,-268.499,78.013,-1989.800,0.2834854,3,OK,-268.318,78.102,-1989.693,OK,-344.276,100.783,-2040.985,OK,-295.847,169.834,-2016.551,Port 0x02: BrainLAB T Junction  s/n:3B21FC02,1785399397,1733823856.618744690,1,OK,0.9600677,-0.2741954,-0.0472939,0.0291591,131.868,-137.869,-1777.086,0.6496287,3,OK,132.228,-137.453,-1777.262,OK,36.951,-115.279,-1818.560,OK,108.824,-63.290,-1833.089,Port 0x03: BrainLAB Black Probe  s/n:38220401,1785399397,1733823856.618744690,1,OK,0.4284756,0.2122319,0.6221868,-0.6198789,66.606,68.298,-1886.549,0.8851488,3,OK,-143.661,71.738,-1726.853,OK,-24.996,67.298,-1804.682,OK,-99.301,67.517,-1734.245
3,Port 0x01: BrainLAB Y Junction  s/n:38220010,1785399400,1733823856.668744690,1,OK,0.8951175,0.1539441,-0.2851336,-0.3062102,-268.521,78.022,-1989.701,0.2745982,3,OK,-268.320,78.071,-1989.576,OK,-344.289,100.737,-2040.924,OK,-295.884,169.806,-2016.651,Port 0x02: BrainLAB T Junction  s/n:3B21FC02,1785399400,1733823856.668744690,1,OK,0.9599602,-0.2744994,-0.0477415,0.0291086,131.825,-137.862,-1777.013,0.6482440,3,OK,132.203,-137.464,-1777.172,OK,36.942,-115.295,-1818.596,OK,108.804,-63.315,-1833.091,Port 0x03: BrainLAB Black Probe  s/n:38220401,1785399400,1733823856.668744690,1,OK,0.4282343,0.2122906,0.6225473,-0.6196636,66.479,68.306,-1886.668,0.8051407,3,OK,-143.733,71.607,-1726.792,OK,-25.056,67.233,-1804.743,OK,-99.377,67.413,-1734.392
3,Port 0x01: BrainLAB Y Junction  s/n:38220010,1785399403,1733823856.718744690,1,OK,0.8951166,0.1543955,-0.2847130,-0.3063770,-268.510,78.036,-1989.773,0.2623998,3,OK,-268.335,78.109,-1989.668,OK,-344.291,100.787,-2040.918,OK,-295.882,169.840,-2016.594,Port 0x02: BrainLAB T Junction  s/n:3B21FC02,1785399403,1733823856.718744690,1,OK,0.9601167,-0.2740232,-0.0472882,0.0291724,131.848,-137.868,-1777.093,0.6587856,3,OK,132.204,-137.442,-1777.277,OK,36.932,-115.263,-1818.556,OK,108.798,-63.284,-1833.060,Port 0x03: BrainLAB Black Probe  s/n:38220401,1785399403,1733823856.718744690,1,OK,0.4284280,0.2125966,0.6223419,-0.6196310,66.570,68.335,-1886.581,0.8353814,3,OK,-143.751,71.686,-1726.914,OK,-25.071,67.285,-1804.713,OK,-99.389,67.475,-1734.419
3,Port 0x01: BrainLAB Y Junction  s/n:38220010,1785399406,1733823856.768744690,1,OK,0.8950542,0.1543412,-0.2850253,-0.3062962,-268.526,78.012,-1989.754,0.2807726,3,OK,-268.326,78.068,-1989.630,OK,-344.299,100.755,-2040.966,OK,-295.884,169.820,-2016.622,Port 0x02: BrainLAB T Junction  s/n:3B21FC02,1785399406,1733823856.768744690,1,OK,0.9601046,-0.2740124,-0.0475786,0.0291996,131.837,-137.889,-1777.068,0.6633059,3,OK,132.209,-137.469,-1777.243,OK,36.932,-115.294,-1818.590,OK,108.793,-63.309,-1833.047,Port 0x03: BrainLAB Black Probe  s/n:38220401,1785399406,1733823856.768744690,1,OK,0.4279855,0.2126661,0.6227385,-0.6195146,66.409,68.321,-1886.752,0.7981763,3,OK,-143.816,71.604,-1726.874,OK,-25.107,67.229,-1804.849,OK,-99.473,67.394,-1734.483
3,Port 0x01: BrainLAB Y Junction  s/n:38220010,1785399409,1733823856.818744690,1,OK,0.8952144,0.1544057,-0.2843609,-0.3064129,-268.470,77.998,-1989.821,0.2497800,3,OK,-268.310,78.069,-1989.724,OK,-344.274,100.745,-2040.898,OK,-295.872,169.814,-2016.603,Port 0x02: BrainLAB T Junction  s/n:3B21FC02,1785399409,1733823856.818744690,1,OK,0.9600348,-0.2742708,-0.0475337,0.0291418,131.845,-137.872,-1777.070,0.6530319,3,OK,132.214,-137.461,-1777.240,OK,36.946,-115.288,-1818.597,OK,108.811,-63.307,-1833.095,Port 0x03: BrainLAB Black Probe  s/n:38220401,1785399409,1733823856.818744690,1,OK,0.4282109,0.2124423,0.6225426,-0.6196325,66.477,68.312,-1886.696,0.9065994,3,OK,-143.778,71.639,-1726.952,OK,-25.075,67.249,-1804.843,OK,-99.389,67.404,-1734.298
3,Port 0x01: BrainLAB Y Junction  s/n:38220010,1785399412,1733823856.868744690,1,OK,0.8951107,0.1541782,-0.2849700,-0.3062645,-268.503,78.035,-1989.786,0.2776847,3,OK,-268.305,78.095,-1989.664,OK,-344.284,100.766,-2040.986,OK,-295.870,169.826,-2016.676,Port 0x02: BrainLAB T Junction  s/n:3B21FC02,1785399412,1733823856.868744690,1,OK,0.9599922,-0.2744510,-0.0473626,0.0291269,131.863,-137.849,-1777.050,0.6463680,3,OK,132.229,-137.443,-1777.218,OK,36.955,-115.271,-1818.554,OK,108.822,-63.294,-1833.101,Port 0x03: BrainLAB Black Probe  s/n:38220401,1785399412,1733823856.868744690,1,OK,0.4279475,0.2131897,0.6228594,-0.6192393,66.528,68.332,-1886.598,0.7897775,3,OK,-143.773,71.546,-1726.845,OK,-25.072,67.199,-1804.719,OK,-99.438,67.330,-1734.464
3,Port 0x01: BrainLAB Y Junction  s/n:38220010,1785399415,1733823856.918744690,1,OK,0.8951719,0.1539273,-0.2847913,-0.3063781,-268.503,78.012,-1989.776,0.2486565,3,OK,-268.328,78.065,-1989.669,OK,-344.272,100.745,-2040.920,OK,-295.870,169.808,-2016.685,Port 0x02: BrainLAB T Junction  s/n:3B21FC02,1785399415,1733823856.918744690,1,OK,0.9601405,-0.2739447,-0.0472413,0.0292030,131.871,-137.913,-1777.127,0.6628098,3,OK,132.228,-137.482,-1777.314,OK,36.947,-115.305,-1818.577,OK,108.814,-63.325,-1833.077,Port 0x03: BrainLAB Black Probe  s/n:38220401,1785399415,1733823856.918744690,1,OK,0.4284840,0.2130926,0.6224969,-0.6192661,66.554,68.317,-1886.627,0.8607267,3,OK,-143.889,71.540,-1727.128,OK,-25.138,67.199,-1804.847,OK,-99.512,67.321,-1734.540
3,Port 0x01: BrainLAB Y Junction  s/n:38220010,1785399418,1733823856.968744690,1,OK,0.8950362,0.1539761,-0.2854024,-0.3061813,-268.551,78.065,-1989.786,0.2880653,3,OK,-268.332,78.101,-1989.647,OK,-344.304,100.783,-2041.063,OK,-295.895,169.856,-2016.762,Port 0x02: BrainLAB T Junction  s/n:3B21FC02,1785399418,1733823856.968744690,1,OK,0.9600555,-0.2742330,-0.0473081,0.0291817,131.854,-137.856,-1777.076,0.6506211,3,OK,132.216,-137.441,-1777.250,OK,36.938,-115.269,-1818.554,OK,108.803,-63.284,-1833.085,Port 0x03: BrainLAB Black Probe  s/n:38220401,1785399418,1733823856.968744690,1,OK,0.4282768,0.2131807,0.6223742,-0.6195025,66.522,68.336,-1886.602,0.8288851,3,OK,-143.903,71.731,-1727.040,OK,-25.152,67.295,-1804.796,OK,-99.521,67.490,-1734.534
3,Port 0x01: BrainLAB Y Junction  s/n:38220010,1785399421,1733823857.018744690,1,OK,0.8951908,0.1535715,-0.2850694,-0.3062428,-268.513,78.039,-1989.678,0.2585576,3,OK,-268.320,78.081,-1989.558,OK,-344.277,100.743,-2040.874,OK,-295.877,169.813,-2016.682,Port 0x02: BrainLAB T Junction  s/n:3B21FC02,1785399421,1733823857.018744690,1,OK,0.9601354,-0.2739446,-0.0473602,0.0291800,131.856,-137.902,-1777.097,0.6615872,3,OK,132.213,-137.474,-1777.282,OK,36.946,-115.293,-1818.570,OK,108.806,-63.314,-1833.053,Port 0x03: BrainLAB Black Probe  s/n:38220401,1785399421,1733823857.018744690,1,OK,0.4276716,0.2130940,0.6229800,-0.6193414,66.396,68.311,-1886.774,0.8163127,3,OK,-143.843,71.577,-1726.909,OK,-25.115,67.199,-1804.889,OK,-99.478,67.336,-1734.476
