Tools,Port 0x01: pooter pooter-3e4c8800-0  s/n:3E4C8800,Frame,Time [sec],Face,State,Rz,Ry,Rx,Tx,Ty,Tz,Error,Markers,State,Tx,Ty,Tz,State,Tx,Ty,Tz,State,Tx,Ty,Tz,Port 0x03: pooter pooter-3e4c8801-1  s/n:3E4C8801,Frame,Time [sec],Face,State,Rz,Ry,Rx,Tx,Ty,Tz,Error,Markers,State,Tx,Ty,Tz,State,Tx,Ty,Tz,State,Tx,Ty,Tz,Port 0x05: pooter pooter-3e4c880c-12  s/n:3E4C880C,Frame,Time [sec],Face,State,Rz,Ry,Rx,Tx,Ty,Tz,Error,Markers,State,Tx,Ty,Tz,State,Tx,Ty,Tz,State,Tx,Ty,Tz,Passive Strays,Frame,Time [sec],Face,State,Rz,Ry,Rx,Tx,Ty,Tz,Error,Markers
4,Port 0x01: pooter pooter-3e4c8800-0  s/n:3E4C8800,1506239712,1729171195.201943258,1,OK,-0.6022929,-1.9734513,-14.6346270,80.402,-135.485,-1909.672,0.1099676,3,OK,80.380,-135.472,-1909.677,OK,44.425,-222.213,-1888.123,OK,-9.303,-134.432,-1912.792,Port 0x03: pooter pooter-3e4c8801-1  s/n:3E4C8801,1506239712,1729171195.201943258,1,OK,-44.9274658,2.0787562,3.8437711,13.873,30.160,-1842.264,0.1473971,3,OK,14.016,30.139,-1842.263,OK,29.340,127.905,-1834.769,OK,-52.152,96.066,-1838.876,Port 0x05: pooter pooter-3e4c880c-12  s/n:3E4C880C,1506239712,1729171195.201943258,1,OK,7.4283700,44.7891909,53.5864856,59.723,-73.123,-1976.179,0.4537455,3,OK,-26.951,-84.978,-1892.048,OK,-99.883,-94.545,-1819.141,OK,-138.661,-114.256,-1806.201,Passive Strays,,,,,,,,,,,,
4,Port 0x01: pooter pooter-3e4c8800-0  s/n:3E4C8800,1506238138,1729171168.968521554,1,OK,-0.8915121,-2.0531796,-14.5820306,79.849,-136.446,-1910.480,0.1027929,3,OK,79.834,-136.448,-1910.480,OK,43.411,-222.992,-1889.064,OK,-9.856,-134.944,-1913.724,Port 0x03: pooter pooter-3e4c8801-1  s/n:3E4C8801,1506238138,1729171168.968521554,1,OK,-45.2240099,2.1775569,3.7541522,14.659,29.708,-1843.135,0.1434136,3,OK,14.800,29.669,-1843.135,OK,30.651,127.390,-1835.664,OK,-51.027,95.949,-1839.586,Port 0x05: pooter pooter-3e4c880c-12  s/n:3E4C880C,1506238138,1729171168.968521554,1,OK,-14.5906378,16.1988915,-9.5415356,64.060,-1.836,-1961.815,0.2604653,3,OK,-49.873,25.865,-1928.163,OK,-145.113,50.194,-1899.529,OK,-185.994,36.401,-1884.906,Passive Strays,,,,,,,,,,,,
4,Port 0x01: pooter pooter-3e4c8800-0  s/n:3E4C8800,1506238139,1729171168.985188220,1,OK,-0.9004750,-1.9877551,-14.4947663,79.858,-136.455,-1910.512,0.0974167,3,OK,79.840,-136.455,-1910.513,OK,43.431,-223.026,-1889.190,OK,-9.845,-134.944,-1913.652,Port 0x03: pooter pooter-3e4c8801-1  s/n:3E4C8801,1506238139,1729171168.985188220,1,OK,-45.2271854,2.1685905,3.7430499,14.667,29.699,-1843.103,0.1439440,3,OK,14.807,29.660,-1843.103,OK,30.654,127.378,-1835.657,OK,-51.004,95.948,-1839.568,Port 0x05: pooter pooter-3e4c880c-12  s/n:3E4C880C,1506238139,1729171168.985188220,1,OK,-14.5887651,16.1381859,-9.9528291,64.109,-1.810,-1961.686,0.2469829,3,OK,-49.854,25.887,-1928.146,OK,-145.115,50.246,-1899.618,OK,-185.981,36.437,-1884.859,Passive Strays,,,,,,,,,,,,
4,Port 0x01: pooter pooter-3e4c8800-0  s/n:3E4C8800,1506238140,1729171169.001854887,1,OK,-0.9023640,-2.0068360,-14.5150498,79.862,-136.435,-1910.475,0.0975696,3,OK,79.840,-136.443,-1910.474,OK,43.429,-222.990,-1889.135,OK,-9.839,-134.918,-1913.646,Port 0x03: pooter pooter-3e4c8801-1  s/n:3E4C8801,1506238140,1729171169.001854887,1,OK,-45.2216778,2.1711546,3.7257350,14.669,29.711,-1843.083,0.1383057,3,OK,14.805,29.672,-1843.083,OK,30.664,127.404,-1835.657,OK,-51.022,95.944,-1839.545,Port 0x05: pooter pooter-3e4c880c-12  s/n:3E4C880C,1506238140,1729171169.001854887,1,OK,-14.6090832,16.2538976,-9.6822367,63.995,-1.832,-1962.072,0.2546707,3,OK,-49.859,25.888,-1928.315,OK,-145.107,50.264,-1899.573,OK,-185.985,36.464,-1884.850,Passive Strays,,,,,,,,,,,,
4,Port 0x01: pooter pooter-3e4c8800-0  s/n:3E4C8800,1506238141,1729171169.018521554,1,OK,-0.9189475,-1.9292529,-14.5590824,79.858,-136.457,-1910.583,0.0981903,3,OK,79.847,-136.450,-1910.585,OK,43.419,-222.996,-1889.126,OK,-9.848,-134.918,-1913.631,Port 0x03: pooter pooter-3e4c8801-1  s/n:3E4C8801,1506238141,1729171169.018521554,1,OK,-45.2235837,2.1997621,3.6681127,14.658,29.721,-1843.093,0.1425584,3,OK,14.796,29.680,-1843.093,OK,30.641,127.408,-1835.719,OK,-51.012,95.964,-1839.507,Port 0x05: pooter pooter-3e4c880c-12  s/n:3E4C880C,1506238141,1729171169.018521554,1,OK,-14.5928881,16.0836103,-10.1236294,64.130,-1.835,-1961.531,0.2461692,3,OK,-49.872,25.879,-1928.093,OK,-145.135,50.251,-1899.664,OK,-186.002,36.452,-1884.869,Passive Strays,,,,,,,,,,,,
4,Port 0x01: pooter pooter-3e4c8800-0  s/n:3E4C8800,1506238142,1729171169.035188220,1,OK,-0.9033128,-2.0077510,-14.4892873,79.856,-136.444,-1910.482,0.1002084,3,OK,79.830,-136.459,-1910.479,OK,43.428,-223.006,-1889.182,OK,-9.846,-134.922,-1913.655,Port 0x03: pooter pooter-3e4c8801-1  s/n:3E4C8801,1506238142,1729171169.035188220,1,OK,-45.2196507,2.2177796,3.7069453,14.672,29.706,-1843.069,0.1354258,3,OK,14.804,29.671,-1843.069,OK,30.662,127.393,-1835.623,OK,-51.009,95.933,-1839.455,Port 0x05: pooter pooter-3e4c880c-12  s/n:3E4C880C,1506238142,1729171169.035188220,1,OK,-14.5895614,16.1675327,-9.7201683,64.055,-1.817,-1961.790,0.2598422,3,OK,-49.886,25.883,-1928.199,OK,-145.148,50.218,-1899.616,OK,-186.026,36.429,-1884.938,Passive Strays,,,,,,,,,,,,
4,Port 0x01: pooter pooter-3e4c8800-0  s/n:3E4C8800,1506238143,1729171169.051854887,1,OK,-0.9114288,-1.9405724,-14.4918853,79.860,-136.444,-1910.573,0.0899729,3,OK,79.845,-136.447,-1910.572,OK,43.431,-223.000,-1889.228,OK,-9.843,-134.923,-1913.637,Port 0x03: pooter pooter-3e4c8801-1  s/n:3E4C8801,1506238143,1729171169.051854887,1,OK,-45.2285412,2.1441811,3.7442425,14.666,29.717,-1843.083,0.1413745,3,OK,14.804,29.679,-1843.083,OK,30.660,127.400,-1835.659,OK,-51.010,95.963,-1839.588,Port 0x05: pooter pooter-3e4c880c-12  s/n:3E4C880C,1506238143,1729171169.051854887,1,OK,-14.5982804,16.2281302,-9.6028222,63.997,-1.823,-1962.013,0.2532821,3,OK,-49.897,25.882,-1928.306,OK,-145.143,50.239,-1899.615,OK,-186.019,36.432,-1884.945,Passive Strays,,,,,,,,,,,,
4,Port 0x01: pooter pooter-3e4c8800-0  s/n:3E4C8800,1506238144,1729171169.068521554,1,OK,-0.9096354,-1.9621786,-14.5377644,79.860,-136.456,-1910.552,0.0962295,3,OK,79.848,-136.454,-1910.553,OK,43.424,-223.004,-1889.149,OK,-9.847,-134.933,-1913.652,Port 0x03: pooter pooter-3e4c8801-1  s/n:3E4C8801,1506238144,1729171169.068521554,1,OK,-45.2180518,2.1934238,3.7409969,14.667,29.704,-1843.077,0.1395631,3,OK,14.804,29.671,-1843.077,OK,30.652,127.387,-1835.608,OK,-51.021,95.934,-1839.503,Port 0x05: pooter pooter-3e4c880c-12  s/n:3E4C880C,1506238144,1729171169.068521554,1,OK,-14.5934025,16.1421603,-9.9677836,64.061,-1.831,-1961.812,0.2487297,3,OK,-49.902,25.877,-1928.262,OK,-145.141,50.240,-1899.733,OK,-186.028,36.434,-1884.958,Passive Strays,,,,,,,,,,,,
4,Port 0x01: pooter pooter-3e4c8800-0  s/n:3E4C8800,1506238145,1729171169.085188220,1,OK,-0.8998736,-1.9901167,-14.4240506,79.845,-136.444,-1910.520,0.0859422,3,OK,79.829,-136.457,-1910.517,OK,43.421,-223.020,-1889.313,OK,-9.857,-134.943,-1913.661,Port 0x03: pooter pooter-3e4c8801-1  s/n:3E4C8801,1506238145,1729171169.085188220,1,OK,-45.2205229,2.2009633,3.7501007,14.658,29.700,-1843.130,0.1364649,3,OK,14.792,29.663,-1843.130,OK,30.643,127.383,-1835.641,OK,-51.019,95.931,-1839.543,Port 0x05: pooter pooter-3e4c880c-12  s/n:3E4C880C,1506238145,1729171169.085188220,1,OK,-14.5956786,16.1458187,-9.9735607,64.060,-1.840,-1961.800,0.2535958,3,OK,-49.892,25.873,-1928.244,OK,-145.139,50.233,-1899.704,OK,-186.026,36.440,-1884.926,Passive Strays,,,,,,,,,,,,
4,Port 0x01: pooter pooter-3e4c8800-0  s/n:3E4C8800,1506238146,1729171169.101854887,1,OK,-0.9139765,-1.9619623,-14.5603310,79.866,-136.454,-1910.558,0.0968499,3,OK,79.844,-136.454,-1910.559,OK,43.424,-222.991,-1889.120,OK,-9.833,-134.922,-1913.657,Port 0x03: pooter pooter-3e4c8801-1  s/n:3E4C8801,1506238146,1729171169.101854887,1,OK,-45.2231019,2.2178494,3.7052253,14.671,29.708,-1843.104,0.1358676,3,OK,14.804,29.676,-1843.104,OK,30.671,127.393,-1835.660,OK,-51.011,95.937,-1839.490,Port 0x05: pooter pooter-3e4c880c-12  s/n:3E4C880C,1506238146,1729171169.101854887,1,OK,-14.6051693,16.1720843,-9.7122717,64.050,-1.860,-1961.886,0.2528311,3,OK,-49.881,25.867,-1928.286,OK,-145.137,50.240,-1899.695,OK,-186.013,36.447,-1885.017,Passive Strays,,,,,,,,,,,,
4,Port 0x01: pooter pooter-3e4c8800-0  s/n:3E4C8800,1506238147,1729171169.118521556,1,OK,-0.9014217,-2.0148219,-14.5033910,79.865,-136.431,-1910.501,0.1003411,3,OK,79.843,-136.433,-1910.501,OK,43.429,-223.000,-1889.182,OK,-9.834,-134.915,-1913.684,Port 0x03: pooter pooter-3e4c8801-1  s/n:3E4C8801,1506238147,1729171169.118521556,1,OK,-45.2262306,2.1575503,3.7356572,14.663,29.720,-1843.118,0.1422820,3,OK,14.802,29.677,-1843.119,OK,30.656,127.408,-1835.693,OK,-51.018,95.965,-1839.602,Port 0x05: pooter pooter-3e4c880c-12  s/n:3E4C880C,1506238147,1729171169.118521556,1,OK,-14.5957941,16.1625843,-9.7208526,64.063,-1.831,-1961.809,0.2604427,3,OK,-49.883,25.884,-1928.226,OK,-145.135,50.227,-1899.654,OK,-186.018,36.445,-1884.978,Passive Strays,,,,,,,,,,,,
4,Port 0x01: pooter pooter-3e4c8800-0  s/n:3E4C8800,1506238148,1729171169.135188223,1,OK,-0.9169612,-1.9318572,-14.5274812,79.849,-136.451,-1910.546,0.0894102,3,OK,79.833,-136.450,-1910.546,OK,43.411,-222.991,-1889.142,OK,-9.851,-134.922,-1913.596,Port 0x03: pooter pooter-3e4c8801-1  s/n:3E4C8801,1506238148,1729171169.135188223,1,OK,-45.2122472,2.2333147,3.7102578,14.667,29.710,-1843.062,0.1391684,3,OK,14.803,29.673,-1843.062,OK,30.638,127.393,-1835.595,OK,-51.016,95.933,-1839.422,Port 0x05: pooter pooter-3e4c880c-12  s/n:3E4C880C,1506238148,1729171169.135188223,1,OK,-14.5872119,16.0597411,-9.9867345,64.132,-1.838,-1961.522,0.2495164,3,OK,-49.906,25.873,-1928.131,OK,-145.161,50.228,-1899.751,OK,-186.040,36.430,-1885.030,Passive Strays,,,,,,,,,,,,
4,Port 0x01: pooter pooter-3e4c8800-0  s/n:3E4C8800,1506238149,1729171169.151854889,1,OK,-0.9110585,-1.9735163,-14.5496453,79.866,-136.442,-1910.553,0.0984228,3,OK,79.856,-136.437,-1910.555,OK,43.422,-222.990,-1889.138,OK,-9.841,-134.916,-1913.671,Port 0x03: pooter pooter-3e4c8801-1  s/n:3E4C8801,1506238149,1729171169.151854889,1,OK,-45.2261267,2.0920625,3.7385296,14.675,29.714,-1843.006,0.1471882,3,OK,14.819,29.680,-1843.005,OK,30.659,127.397,-1835.644,OK,-51.011,95.965,-1839.596,Port 0x05: pooter pooter-3e4c880c-12  s/n:3E4C880C,1506238149,1729171169.151854889,1,OK,-14.5990306,16.2012302,-9.4349546,64.037,-1.842,-1961.874,0.2651048,3,OK,-49.880,25.876,-1928.224,OK,-145.135,50.213,-1899.579,OK,-186.024,36.433,-1885.001,Passive Strays,,,,,,,,,,,,
4,Port 0x01: pooter pooter-3e4c8800-0  s/n:3E4C8800,1506238150,1729171169.168521556,1,OK,-0.9015197,-1.9682439,-14.5142118,79.861,-136.439,-1910.527,0.1014329,3,OK,79.844,-136.442,-1910.527,OK,43.442,-223.004,-1889.163,OK,-9.847,-134.921,-1913.638,Port 0x03: pooter pooter-3e4c8801-1  s/n:3E4C8801,1506238150,1729171169.168521556,1,OK,-45.2185039,2.1563416,3.7689734,14.675,29.719,-1843.109,0.1380955,3,OK,14.810,29.688,-1843.108,OK,30.659,127.402,-1835.638,OK,-51.017,95.947,-1839.595,Port 0x05: pooter pooter-3e4c880c-12  s/n:3E4C880C,1506238150,1729171169.168521556,1,OK,-14.5958750,16.1610123,-9.8034437,64.052,-1.844,-1961.850,0.2526855,3,OK,-49.888,25.866,-1928.270,OK,-145.144,50.226,-1899.701,OK,-186.031,36.427,-1884.986,Passive Strays,,,,,,,,,,,,
4,Port 0x01: pooter pooter-3e4c8800-0  s/n:3E4C8800,1506238151,1729171169.185188223,1,OK,-0.9054302,-1.9714053,-14.5030358,79.852,-136.443,-1910.544,0.0952369,3,OK,79.839,-136.449,-1910.543,OK,43.424,-223.001,-1889.201,OK,-9.856,-134.926,-1913.658,Port 0x03: pooter pooter-3e4c8801-1  s/n:3E4C8801,1506238151,1729171169.185188223,1,OK,-45.2240232,2.1426293,3.7465649,14.655,29.714,-1843.073,0.1407890,3,OK,14.792,29.683,-1843.073,OK,30.644,127.395,-1835.648,OK,-51.029,95.952,-1839.581,Port 0x05: pooter pooter-3e4c880c-12  s/n:3E4C880C,1506238151,1729171169.185188223,1,OK,-14.5971977,16.1717404,-9.7170948,64.034,-1.832,-1961.845,0.2529964,3,OK,-49.899,25.880,-1928.246,OK,-145.154,50.241,-1899.657,OK,-186.042,36.440,-1884.972,Passive Strays,,,,,,,,,,,,
4,Port 0x01: pooter pooter-3e4c8800-0  s/n:3E4C8800,1506238152,1729171169.201854889,1,OK,-0.8990193,-2.0028209,-14.5608706,79.854,-136.441,-1910.540,0.1039201,3,OK,79.837,-136.439,-1910.541,OK,43.424,-222.995,-1889.124,OK,-9.850,-134.926,-1913.705,Port 0x03: pooter pooter-3e4c8801-1  s/n:3E4C8801,1506238152,1729171169.201854889,1,OK,-45.2279819,2.1446573,3.7390208,14.660,29.714,-1843.053,0.1406967,3,OK,14.797,29.683,-1843.052,OK,30.653,127.394,-1835.636,OK,-51.014,95.958,-1839.557,Port 0x05: pooter pooter-3e4c880c-12  s/n:3E4C880C,1506238152,1729171169.201854889,1,OK,-14.5999814,16.1487791,-9.9167841,64.055,-1.838,-1961.859,0.2520026,3,OK,-49.891,25.882,-1928.299,OK,-145.139,50.252,-1899.754,OK,-186.031,36.456,-1884.997,Passive Strays,,,,,,,,,,,,
4,Port 0x01: pooter pooter-3e4c8800-0  s/n:3E4C8800,1506238153,1729171169.218521556,1,OK,-0.9067829,-1.9887259,-14.5575082,79.868,-136.451,-1910.516,0.0987363,3,OK,79.848,-136.450,-1910.517,OK,43.428,-222.997,-1889.098,OK,-9.831,-134.929,-1913.658,Port 0x03: pooter pooter-3e4c8801-1  s/n:3E4C8801,1506238153,1729171169.218521556,1,OK,-45.2217016,2.1847387,3.6913966,14.677,29.708,-1843.053,0.1422945,3,OK,14.816,29.674,-1843.053,OK,30.662,127.392,-1835.663,OK,-51.003,95.946,-1839.493,Port 0x05: pooter pooter-3e4c880c-12  s/n:3E4C880C,1506238153,1729171169.218521556,1,OK,-14.5847051,16.0769652,-10.0997057,64.127,-1.824,-1961.581,0.2512397,3,OK,-49.890,25.877,-1928.156,OK,-145.149,50.226,-1899.741,OK,-186.020,36.432,-1884.961,Passive Strays,,,,,,,,,,,,
4,Port 0x01: pooter pooter-3e4c8800-0  s/n:3E4C8800,1506238154,1729171169.235188223,1,OK,-0.8964229,-2.0490484,-14.5168708,79.859,-136.443,-1910.440,0.0978073,3,OK,79.832,-136.453,-1910.438,OK,43.421,-223.000,-1889.123,OK,-9.836,-134.935,-1913.676,Port 0x03: pooter pooter-3e4c8801-1  s/n:3E4C8801,1506238154,1729171169.235188223,1,OK,-45.2206545,2.2362308,3.7217861,14.668,29.712,-1843.127,0.1392699,3,OK,14.804,29.675,-1843.128,OK,30.657,127.393,-1835.642,OK,-51.010,95.944,-1839.483,Port 0x05: pooter pooter-3e4c880c-12  s/n:3E4C880C,1506238154,1729171169.235188223,1,OK,-14.6009857,16.2783812,-9.3669957,63.944,-1.852,-1962.200,0.2631480,3,OK,-49.902,25.853,-1928.403,OK,-145.161,50.197,-1899.614,OK,-186.037,36.402,-1885.014,Passive Strays,,,,,,,,,,,,
4,Port 0x01: pooter pooter-3e4c8800-0  s/n:3E4C8800,1506238155,1729171169.251854889,1,OK,-0.9170878,-1.9393409,-14.4752798,79.863,-136.446,-1910.512,0.0837253,3,OK,79.850,-136.446,-1910.512,OK,43.421,-223.000,-1889.194,OK,-9.837,-134.923,-1913.572,Port 0x03: pooter pooter-3e4c8801-1  s/n:3E4C8801,1506238155,1729171169.251854889,1,OK,-45.2176546,2.2002683,3.7148098,14.674,29.721,-1843.103,0.1326766,3,OK,14.803,29.685,-1843.104,OK,30.654,127.411,-1835.664,OK,-51.003,95.945,-1839.518,Port 0x05: pooter pooter-3e4c880c-12  s/n:3E4C880C,1506238155,1729171169.251854889,1,OK,-14.5844732,16.1715324,-9.7578399,64.046,-1.821,-1961.902,0.2538393,3,OK,-49.905,25.868,-1928.299,OK,-145.139,50.203,-1899.718,OK,-186.036,36.394,-1885.012,Passive Strays,,,,,,,,,,,,
4,Port 0x01: pooter pooter-3e4c8800-0  s/n:3E4C8800,1506238156,1729171169.268521556,1,OK,-0.8978740,-2.0148131,-14.5232219,79.856,-136.422,-1910.480,0.1023225,3,OK,79.835,-136.425,-1910.480,OK,43.426,-222.986,-1889.130,OK,-9.847,-134.909,-1913.664,Port 0x03: pooter pooter-3e4c8801-1  s/n:3E4C8801,1506238156,1729171169.268521556,1,OK,-45.2283362,2.2068971,3.7332929,14.646,29.730,-1843.164,0.1441933,3,OK,14.787,29.690,-1843.164,OK,30.644,127.408,-1835.692,OK,-51.030,95.977,-1839.567,Port 0x05: pooter pooter-3e4c880c-12  s/n:3E4C880C,1506238156,1729171169.268521556,1,OK,-14.5821852,16.1916556,-9.8026154,64.013,-1.793,-1961.973,0.2604436,3,OK,-49.920,25.890,-1928.329,OK,-145.156,50.208,-1899.709,OK,-186.040,36.414,-1884.975,Passive Strays,,,,,,,,,,,,
4,Port 0x01: pooter pooter-3e4c8800-0  s/n:3E4C8800,1506238157,1729171169.285188222,1,OK,-0.9188926,-1.9131924,-14.5807963,79.841,-136.455,-1910.584,0.0993141,3,OK,79.824,-136.453,-1910.585,OK,43.410,-222.984,-1889.085,OK,-9.866,-134.913,-1913.608,Port 0x03: pooter pooter-3e4c8801-1  s/n:3E4C8801,1506238157,1729171169.285188222,1,OK,-45.2241877,2.1693449,3.7585330,14.644,29.711,-1843.096,0.1371443,3,OK,14.778,29.669,-1843.096,OK,30.636,127.401,-1835.626,OK,-51.036,95.948,-1839.561,Port 0x05: pooter pooter-3e4c880c-12  s/n:3E4C880C,1506238157,1729171169.285188222,1,OK,-14.6060174,16.1778161,-9.6695262,64.017,-1.860,-1961.881,0.2525298,3,OK,-49.921,25.871,-1928.268,OK,-145.152,50.242,-1899.674,OK,-186.045,36.445,-1885.006,Passive Strays,,,,,,,,,,,,
4,Port 0x01: pooter pooter-3e4c8800-0  s/n:3E4C8800,1506238158,1729171169.301854889,1,OK,-0.9094211,-1.9756641,-14.4568818,79.860,-136.432,-1910.456,0.0831783,3,OK,79.828,-136.446,-1910.453,OK,43.425,-222.987,-1889.191,OK,-9.827,-134.919,-1913.573,Port 0x03: pooter pooter-3e4c8801-1  s/n:3E4C8801,1506238158,1729171169.301854889,1,OK,-45.2171313,2.2236311,3.6988646,14.665,29.715,-1843.087,0.1406292,3,OK,14.802,29.680,-1843.087,OK,30.645,127.398,-1835.646,OK,-51.017,95.945,-1839.463,Port 0x05: pooter pooter-3e4c880c-12  s/n:3E4C880C,1506238158,1729171169.301854889,1,OK,-14.5991410,16.0747104,-10.0826742,64.133,-1.824,-1961.552,0.2488912,3,OK,-49.887,25.907,-1928.129,OK,-145.120,50.284,-1899.726,OK,-186.012,36.491,-1884.948,Passive Strays,,,,,,,,,,,,
4,Port 0x01: pooter pooter-3e4c8800-0  s/n:3E4C8800,1506238159,1729171169.318521556,1,OK,-0.8977958,-2.0067729,-14.5549628,79.876,-136.456,-1910.536,0.0944865,3,OK,79.857,-136.453,-1910.537,OK,43.440,-223.005,-1889.134,OK,-9.819,-134.953,-1913.705,Port 0x03: pooter pooter-3e4c8801-1  s/n:3E4C8801,1506238159,1729171169.318521556,1,OK,-45.2246240,2.1479238,3.7729734,14.681,29.704,-1843.094,0.1403565,3,OK,14.819,29.662,-1843.094,OK,30.672,127.391,-1835.626,OK,-51.004,95.945,-1839.593,Port 0x05: pooter pooter-3e4c880c-12  s/n:3E4C880C,1506238159,1729171169.318521556,1,OK,-14.6206924,16.1806716,-9.6642599,64.062,-1.835,-1961.894,0.2551254,3,OK,-49.856,25.924,-1928.279,OK,-145.098,50.317,-1899.674,OK,-185.992,36.536,-1885.007,Passive Strays,,,,,,,,,,,,
4,Port 0x01: pooter pooter-3e4c8800-0  s/n:3E4C8800,1506238160,1729171169.335188223,1,OK,-0.8991306,-2.0388473,-14.4844539,79.849,-136.446,-1910.511,0.1003721,3,OK,79.829,-136.453,-1910.510,OK,43.412,-223.020,-1889.236,OK,-9.853,-134.932,-1913.732,Port 0x03: pooter pooter-3e4c8801-1  s/n:3E4C8801,1506238160,1729171169.335188223,1,OK,-45.2242574,2.1575955,3.7501194,14.649,29.707,-1843.084,0.1403620,3,OK,14.787,29.674,-1843.084,OK,30.639,127.388,-1835.639,OK,-51.032,95.946,-1839.568,Port 0x05: pooter pooter-3e4c880c-12  s/n:3E4C880C,1506238160,1729171169.335188223,1,OK,-14.6186409,16.1175846,-9.9631198,64.075,-1.846,-1961.727,0.2478489,3,OK,-49.896,25.916,-1928.225,OK,-145.134,50.323,-1899.738,OK,-186.016,36.538,-1884.987,Passive Strays,,,,,,,,,,,,
4,Port 0x01: pooter pooter-3e4c8800-0  s/n:3E4C8800,1506238161,1729171169.351854889,1,OK,-0.9116086,-1.9306863,-14.5142775,79.844,-136.445,-1910.562,0.0862323,3,OK,79.821,-136.444,-1910.563,OK,43.413,-222.992,-1889.178,OK,-9.848,-134.928,-1913.609,Port 0x03: pooter pooter-3e4c8801-1  s/n:3E4C8801,1506238161,1729171169.351854889,1,OK,-45.2229190,2.2050759,3.7163607,14.644,29.715,-1843.130,0.1393641,3,OK,14.781,29.680,-1843.130,OK,30.641,127.400,-1835.683,OK,-51.041,95.949,-1839.537,Port 0x05: pooter pooter-3e4c880c-12  s/n:3E4C880C,1506238161,1729171169.351854889,1,OK,-14.6217687,16.1530472,-9.6320237,64.048,-1.847,-1961.754,0.2564749,3,OK,-49.906,25.922,-1928.189,OK,-145.138,50.313,-1899.639,OK,-186.028,36.539,-1885.008,Passive Strays,,,,,,,,,,,,
4,Port 0x01: pooter pooter-3e4c8800-0  s/n:3E4C8800,1506238162,1729171169.368521556,1,OK,-0.8972646,-2.0446636,-14.4433845,79.859,-136.426,-1910.466,0.0924968,3,OK,79.842,-136.440,-1910.463,OK,43.423,-223.002,-1889.261,OK,-9.844,-134.922,-1913.694,Port 0x03: pooter pooter-3e4c8801-1  s/n:3E4C8801,1506238162,1729171169.368521556,1,OK,-45.2235420,2.1990060,3.7501488,14.668,29.720,-1843.110,0.1408586,3,OK,14.805,29.687,-1843.110,OK,30.657,127.396,-1835.623,OK,-51.009,95.957,-1839.526,Port 0x05: pooter pooter-3e4c880c-12  s/n:3E4C880C,1506238162,1729171169.368521556,1,OK,-14.6156018,16.1243254,-10.0502346,64.082,-1.842,-1961.734,0.2463024,3,OK,-49.886,25.911,-1928.215,OK,-145.119,50.316,-1899.718,OK,-185.996,36.527,-1884.924,Passive Strays,,,,,,,,,,,,
4,Port 0x01: pooter pooter-3e4c8800-0  s/n:3E4C8800,1506238163,1729171169.385188223,1,OK,-0.8978506,-2.0424115,-14.4653582,79.865,-136.436,-1910.485,0.0950387,3,OK,79.845,-136.449,-1910.483,OK,43.428,-223.008,-1889.244,OK,-9.837,-134.929,-1913.711,Port 0x03: pooter pooter-3e4c8801-1  s/n:3E4C8801,1506238163,1729171169.385188223,1,OK,-45.2216428,2.2001262,3.7160820,14.664,29.710,-1843.115,0.1406022,3,OK,14.801,29.665,-1843.115,OK,30.650,127.399,-1835.673,OK,-51.015,95.948,-1839.529,Port 0x05: pooter pooter-3e4c880c-12  s/n:3E4C880C,1506238163,1729171169.385188223,1,OK,-14.6157022,16.1897969,-9.5035468,64.040,-1.851,-1961.853,0.2578993,3,OK,-49.884,25.900,-1928.221,OK,-145.125,50.277,-1899.601,OK,-186.012,36.496,-1885.001,Passive Strays,,,,,,,,,,,,
4,Port 0x01: pooter pooter-3e4c8800-0  s/n:3E4C8800,1506238164,1729171169.401854889,1,OK,-0.9026637,-2.0134864,-14.5249936,79.859,-136.439,-1910.496,0.1012233,3,OK,79.838,-136.442,-1910.496,OK,43.423,-222.998,-1889.143,OK,-9.842,-134.919,-1913.678,Port 0x03: pooter pooter-3e4c8801-1  s/n:3E4C8801,1506238164,1729171169.401854889,1,OK,-45.2215758,2.1695953,3.7578971,14.670,29.721,-1843.116,0.1417304,3,OK,14.808,29.684,-1843.115,OK,30.653,127.402,-1835.647,OK,-51.013,95.959,-1839.579,Port 0x05: pooter pooter-3e4c880c-12  s/n:3E4C880C,1506238164,1729171169.401854889,1,OK,-14.5932733,16.1122182,-10.0189131,64.099,-1.817,-1961.674,0.2558465,3,OK,-49.879,25.897,-1928.184,OK,-145.140,50.250,-1899.702,OK,-186.016,36.468,-1884.932,Passive Strays,,,,,,,,,,,,
4,Port 0x01: pooter pooter-3e4c8800-0  s/n:3E4C8800,1506238165,1729171169.418521556,1,OK,-0.8962022,-2.0451270,-14.5248576,79.860,-136.434,-1910.464,0.1037265,3,OK,79.838,-136.441,-1910.463,OK,43.425,-222.997,-1889.131,OK,-9.843,-134.922,-1913.697,Port 0x03: pooter pooter-3e4c8801-1  s/n:3E4C8801,1506238165,1729171169.418521556,1,OK,-45.2211904,2.2317855,3.7522624,14.659,29.720,-1843.139,0.1328267,3,OK,14.788,29.686,-1843.139,OK,30.648,127.402,-1835.615,OK,-51.013,95.947,-1839.502,Port 0x05: pooter pooter-3e4c880c-12  s/n:3E4C880C,1506238165,1729171169.418521556,1,OK,-14.6034446,16.2248735,-9.5082771,64.000,-1.869,-1962.004,0.2632722,3,OK,-49.907,25.854,-1928.301,OK,-145.131,50.197,-1899.622,OK,-186.024,36.415,-1884.993,Passive Strays,,,,,,,,,,,,
4,Port 0x01: pooter pooter-3e4c8800-0  s/n:3E4C8800,1506238166,1729171169.435188223,1,OK,-0.9043612,-2.0142852,-14.4392754,79.854,-136.435,-1910.497,0.0880775,3,OK,79.835,-136.452,-1910.493,OK,43.416,-223.001,-1889.281,OK,-9.848,-134.924,-1913.677,Port 0x03: pooter pooter-3e4c8801-1  s/n:3E4C8801,1506238166,1729171169.435188223,1,OK,-45.2206214,2.1737183,3.7220402,14.657,29.716,-1843.106,0.1410799,3,OK,14.795,29.679,-1843.106,OK,30.640,127.401,-1835.684,OK,-51.026,95.952,-1839.563,Port 0x05: pooter pooter-3e4c880c-12  s/n:3E4C880C,1506238166,1729171169.435188223,1,OK,-14.5907761,16.1927728,-9.6799070,64.034,-1.860,-1961.853,0.2566594,3,OK,-49.901,25.840,-1928.209,OK,-145.137,50.177,-1899.587,OK,-186.015,36.379,-1884.908,Passive Strays,,,,,,,,,,,,
4,Port 0x01: pooter pooter-3e4c8800-0  s/n:3E4C8800,1506238167,1729171169.451854889,1,OK,-0.9078722,-1.9502568,-14.5658124,79.862,-136.447,-1910.573,0.0929540,3,OK,79.849,-136.444,-1910.575,OK,43.430,-222.983,-1889.121,OK,-9.842,-134.930,-1913.653,Port 0x03: pooter pooter-3e4c8801-1  s/n:3E4C8801,1506238167,1729171169.451854889,1,OK,-45.2170231,2.2263878,3.6916519,14.672,29.722,-1843.138,0.1394826,3,OK,14.809,29.682,-1843.138,OK,30.661,127.412,-1835.704,OK,-51.019,95.949,-1839.510,Port 0x05: pooter pooter-3e4c880c-12  s/n:3E4C880C,1506238167,1729171169.451854889,1,OK,-14.5807642,16.1838260,-9.7090230,64.055,-1.832,-1961.808,0.2630490,3,OK,-49.886,25.851,-1928.183,OK,-145.132,50.162,-1899.575,OK,-186.013,36.373,-1884.889,Passive Strays,,,,,,,,,,,,
4,Port 0x01: pooter pooter-3e4c8800-0  s/n:3E4C8800,1506238168,1729171169.468521556,1,OK,-0.9067451,-1.9802545,-14.5631358,79.866,-136.458,-1910.513,0.1002987,3,OK,79.852,-136.454,-1910.515,OK,43.428,-223.004,-1889.081,OK,-9.839,-134.936,-1913.642,Port 0x03: pooter pooter-3e4c8801-1  s/n:3E4C8801,1506238168,1729171169.468521556,1,OK,-45.2262315,2.1528509,3.8254857,14.660,29.713,-1843.179,0.1459521,3,OK,14.803,29.670,-1843.179,OK,30.649,127.390,-1835.632,OK,-51.023,95.962,-1839.669,Port 0x05: pooter pooter-3e4c880c-12  s/n:3E4C880C,1506238168,1729171169.468521556,1,OK,-14.5779883,16.1349021,-9.7754759,64.101,-1.845,-1961.671,0.2472507,3,OK,-49.878,25.834,-1928.140,OK,-145.141,50.172,-1899.620,OK,-186.013,36.352,-1884.939,Passive Strays,,,,,,,,,,,,
4,Port 0x01: pooter pooter-3e4c8800-0  s/n:3E4C8800,1506238169,1729171169.485188223,1,OK,-0.9029763,-2.0092169,-14.4843917,79.850,-136.444,-1910.483,0.0939031,3,OK,79.831,-136.455,-1910.480,OK,43.416,-223.005,-1889.193,OK,-9.853,-134.930,-1913.656,Port 0x03: pooter pooter-3e4c8801-1  s/n:3E4C8801,1506238169,1729171169.485188223,1,OK,-45.2147665,2.2327341,3.6542427,14.659,29.708,-1843.076,0.1386784,3,OK,14.795,29.666,-1843.077,OK,30.638,127.403,-1835.688,OK,-51.024,95.935,-1839.437,Port 0x05: pooter pooter-3e4c880c-12  s/n:3E4C880C,1506238169,1729171169.485188223,1,OK,-14.5779074,16.2456788,-9.4697805,63.999,-1.827,-1962.067,0.2595007,3,OK,-49.887,25.838,-1928.330,OK,-145.142,50.149,-1899.607,OK,-186.032,36.335,-1884.978,Passive Strays,,,,,,,,,,,,
4,Port 0x01: pooter pooter-3e4c8800-0  s/n:3E4C8800,1506238170,1729171169.501854889,1,OK,-0.9017681,-2.0020527,-14.4971833,79.860,-136.435,-1910.535,0.0934410,3,OK,79.838,-136.439,-1910.534,OK,43.425,-222.998,-1889.219,OK,-9.837,-134.925,-1913.696,Port 0x03: pooter pooter-3e4c8801-1  s/n:3E4C8801,1506238170,1729171169.501854889,1,OK,-45.2211820,2.2352678,3.7232479,14.662,29.720,-1843.129,0.1413411,3,OK,14.800,29.679,-1843.129,OK,30.653,127.403,-1835.642,OK,-51.019,95.955,-1839.486,Port 0x05: pooter pooter-3e4c880c-12  s/n:3E4C880C,1506238170,1729171169.501854889,1,OK,-14.5692550,16.1284312,-9.7987449,64.100,-1.832,-1961.636,0.2564143,3,OK,-49.898,25.836,-1928.115,OK,-145.146,50.142,-1899.611,OK,-186.024,36.336,-1884.924,Passive Strays,,,,,,,,,,,,
4,Port 0x01: pooter pooter-3e4c8800-0  s/n:3E4C8800,1506238171,1729171169.518521556,1,OK,-0.9072766,-1.9727613,-14.4967341,79.868,-136.441,-1910.549,0.0922361,3,OK,79.854,-136.442,-1910.550,OK,43.433,-223.001,-1889.217,OK,-9.835,-134.925,-1913.664,Port 0x03: pooter pooter-3e4c8801-1  s/n:3E4C8801,1506238171,1729171169.518521556,1,OK,-45.2215652,2.1756238,3.7168422,14.674,29.718,-1843.110,0.1419041,3,OK,14.813,29.684,-1843.110,OK,30.660,127.400,-1835.693,OK,-51.010,95.955,-1839.564,Port 0x05: pooter pooter-3e4c880c-12  s/n:3E4C880C,1506238171,1729171169.518521556,1,OK,-14.5532088,16.1546160,-9.7927914,64.079,-1.804,-1961.812,0.2556025,3,OK,-49.895,25.825,-1928.243,OK,-145.160,50.107,-1899.687,OK,-186.034,36.285,-1884.983,Passive Strays,,,,,,,,,,,,
4,Port 0x01: pooter pooter-3e4c8800-0  s/n:3E4C8800,1506238172,1729171169.535188222,1,OK,-0.9274702,-1.8684837,-14.5422275,79.865,-136.480,-1910.664,0.0897922,3,OK,79.847,-136.469,-1910.667,OK,43.428,-223.016,-1889.197,OK,-9.832,-134.938,-1913.614,Port 0x03: pooter pooter-3e4c8801-1  s/n:3E4C8801,1506238172,1729171169.535188222,1,OK,-45.2224172,2.1913728,3.7279327,14.662,29.709,-1843.107,0.1425378,3,OK,14.802,29.669,-1843.107,OK,30.651,127.393,-1835.658,OK,-51.020,95.948,-1839.535,Port 0x05: pooter pooter-3e4c880c-12  s/n:3E4C880C,1506238172,1729171169.535188222,1,OK,-14.5346672,16.1317624,-10.0415588,64.086,-1.795,-1961.736,0.2515481,3,OK,-49.890,25.794,-1928.211,OK,-145.199,50.061,-1899.685,OK,-186.044,36.226,-1884.896,Passive Strays,,,,,,,,,,,,
4,Port 0x01: pooter pooter-3e4c8800-0  s/n:3E4C8800,1506238173,1729171169.551854889,1,OK,-0.9030994,-2.0048139,-14.4090508,79.850,-136.429,-1910.501,0.0879296,3,OK,79.838,-136.445,-1910.498,OK,43.419,-223.008,-1889.326,OK,-9.857,-134.922,-1913.666,Port 0x03: pooter pooter-3e4c8801-1  s/n:3E4C8801,1506238173,1729171169.551854889,1,OK,-45.2201366,2.2521331,3.6847556,14.658,29.715,-1843.113,0.1388879,3,OK,14.793,29.674,-1843.114,OK,30.644,127.401,-1835.663,OK,-51.015,95.948,-1839.443,Port 0x05: pooter pooter-3e4c880c-12  s/n:3E4C880C,1506238173,1729171169.551854889,1,OK,-14.5300729,16.0838796,-10.0819842,64.139,-1.812,-1961.529,0.2477696,3,OK,-49.896,25.778,-1928.091,OK,-145.180,50.042,-1899.664,OK,-186.042,36.200,-1884.884,Passive Strays,,,,,,,,,,,,
4,Port 0x01: pooter pooter-3e4c8800-0  s/n:3E4C8800,1506238174,1729171169.568521556,1,OK,-0.9154212,-1.9521648,-14.5340650,79.860,-136.448,-1910.550,0.0885167,3,OK,79.846,-136.447,-1910.550,OK,43.415,-222.985,-1889.149,OK,-9.842,-134.923,-1913.631,Port 0x03: pooter pooter-3e4c8801-1  s/n:3E4C8801,1506238174,1729171169.568521556,1,OK,-45.2176327,2.1974403,3.7568825,14.662,29.718,-1843.143,0.1364203,3,OK,14.796,29.685,-1843.143,OK,30.644,127.401,-1835.648,OK,-51.021,95.945,-1839.562,Port 0x05: pooter pooter-3e4c880c-12  s/n:3E4C880C,1506238174,1729171169.568521556,1,OK,-14.5434075,16.1742040,-9.7416686,64.058,-1.842,-1961.782,0.2528372,3,OK,-49.897,25.761,-1928.178,OK,-145.186,50.032,-1899.581,OK,-186.040,36.195,-1884.891,Passive Strays,,,,,,,,,,,,
4,Port 0x01: pooter pooter-3e4c8800-0  s/n:3E4C8800,1506238175,1729171169.585188223,1,OK,-0.8928542,-2.0325279,-14.5006335,79.856,-136.437,-1910.482,0.1013376,3,OK,79.834,-136.447,-1910.481,OK,43.431,-223.007,-1889.179,OK,-9.848,-134.932,-1913.694,Port 0x03: pooter pooter-3e4c8801-1  s/n:3E4C8801,1506238175,1729171169.585188223,1,OK,-45.2270481,2.1820902,3.7292528,14.666,29.712,-1843.142,0.1402625,3,OK,14.803,29.670,-1843.142,OK,30.661,127.399,-1835.700,OK,-51.008,95.956,-1839.585,Port 0x05: pooter pooter-3e4c880c-12  s/n:3E4C880C,1506238175,1729171169.585188223,1,OK,-14.5300936,16.1208626,-10.2542746,64.092,-1.783,-1961.778,0.2515912,3,OK,-49.904,25.800,-1928.264,OK,-145.182,50.058,-1899.768,OK,-186.037,36.224,-1884.889,Passive Strays,,,,,,,,,,,,
4,Port 0x01: pooter pooter-3e4c8800-0  s/n:3E4C8800,1506238176,1729171169.601854889,1,OK,-0.9204748,-1.9396942,-14.4994008,79.855,-136.460,-1910.592,0.0994664,3,OK,79.835,-136.454,-1910.594,OK,43.413,-223.024,-1889.232,OK,-9.845,-134.917,-1913.657,Port 0x03: pooter pooter-3e4c8801-1  s/n:3E4C8801,1506238176,1729171169.601854889,1,OK,-45.2205931,2.2126175,3.7493343,14.652,29.711,-1843.122,0.1368605,3,OK,14.786,29.680,-1843.122,OK,30.645,127.391,-1835.622,OK,-51.032,95.939,-1839.516,Port 0x05: pooter pooter-3e4c880c-12  s/n:3E4C880C,1506238176,1729171169.601854889,1,OK,-14.5374229,16.1016391,-10.0580859,64.104,-1.822,-1961.651,0.2435833,3,OK,-49.909,25.777,-1928.180,OK,-145.192,50.061,-1899.720,OK,-186.059,36.211,-1884.935,Passive Strays,,,,,,,,,,,,
4,Port 0x01: pooter pooter-3e4c8800-0  s/n:3E4C8800,1506238177,1729171169.618521556,1,OK,-0.9083368,-1.9727361,-14.5411995,79.847,-136.448,-1910.528,0.1075537,3,OK,79.832,-136.449,-1910.529,OK,43.419,-223.005,-1889.124,OK,-9.863,-134.914,-1913.648,Port 0x03: pooter pooter-3e4c8801-1  s/n:3E4C8801,1506238177,1729171169.618521556,1,OK,-45.2187874,2.2274767,3.7037031,14.656,29.711,-1843.154,0.1415834,3,OK,14.794,29.672,-1843.154,OK,30.639,127.395,-1835.703,OK,-51.024,95.945,-1839.524,Port 0x05: pooter pooter-3e4c880c-12  s/n:3E4C880C,1506238177,1729171169.618521556,1,OK,-14.5298076,16.1185384,-10.2750202,64.069,-1.808,-1961.792,0.2517145,3,OK,-49.922,25.774,-1928.285,OK,-145.206,50.035,-1899.792,OK,-186.070,36.199,-1884.902,Passive Strays,,,,,,,,,,,,
4,Port 0x01: pooter pooter-3e4c8800-0  s/n:3E4C8800,1506238178,1729171169.635188223,1,OK,-0.9054008,-1.9909226,-14.4587798,79.855,-136.457,-1910.547,0.0894169,3,OK,79.837,-136.458,-1910.547,OK,43.417,-223.030,-1889.283,OK,-9.842,-134.946,-1913.689,Port 0x03: pooter pooter-3e4c8801-1  s/n:3E4C8801,1506238178,1729171169.635188223,1,OK,-45.2245465,2.2153014,3.7701547,14.660,29.712,-1843.172,0.1429965,3,OK,14.800,29.674,-1843.172,OK,30.658,127.389,-1835.640,OK,-51.024,95.952,-1839.561,Port 0x05: pooter pooter-3e4c880c-12  s/n:3E4C880C,1506238178,1729171169.635188223,1,OK,-14.5294754,16.1161442,-9.9258596,64.103,-1.814,-1961.642,0.2539186,3,OK,-49.912,25.773,-1928.145,OK,-145.186,50.022,-1899.661,OK,-186.060,36.185,-1884.924,Passive Strays,,,,,,,,,,,,
4,Port 0x01: pooter pooter-3e4c8800-0  s/n:3E4C8800,1506238179,1729171169.651854889,1,OK,-0.9062850,-1.9684225,-14.5728752,79.866,-136.457,-1910.551,0.0987126,3,OK,79.855,-136.457,-1910.551,OK,43.434,-222.995,-1889.098,OK,-9.843,-134.937,-1913.661,Port 0x03: pooter pooter-3e4c8801-1  s/n:3E4C8801,1506238179,1729171169.651854889,1,OK,-45.2193452,2.1951902,3.7609239,14.672,29.715,-1843.166,0.1375888,3,OK,14.807,29.675,-1843.166,OK,30.656,127.401,-1835.667,OK,-51.009,95.947,-1839.589,Port 0x05: pooter pooter-3e4c880c-12  s/n:3E4C880C,1506238179,1729171169.651854889,1,OK,-14.5274423,16.1852740,-10.1247741,64.035,-1.768,-1961.968,0.2575540,3,OK,-49.909,25.801,-1928.332,OK,-145.176,50.043,-1899.720,OK,-186.048,36.206,-1884.847,Passive Strays,,,,,,,,,,,,
4,Port 0x01: pooter pooter-3e4c8800-0  s/n:3E4C8800,1506238180,1729171169.668521556,1,OK,-0.9041164,-2.0058425,-14.5426807,79.854,-136.442,-1910.528,0.0993590,3,OK,79.838,-136.441,-1910.529,OK,43.414,-222.994,-1889.144,OK,-9.848,-134.923,-1913.697,Port 0x03: pooter pooter-3e4c8801-1  s/n:3E4C8801,1506238180,1729171169.668521556,1,OK,-45.2201138,2.1973500,3.7471974,14.651,29.717,-1843.121,0.1412286,3,OK,14.789,29.675,-1843.121,OK,30.640,127.402,-1835.638,OK,-51.037,95.951,-1839.539,Port 0x05: pooter pooter-3e4c880c-12  s/n:3E4C880C,1506238180,1729171169.668521556,1,OK,-14.5451179,16.1696476,-9.9555176,64.028,-1.828,-1961.883,0.2533541,3,OK,-49.916,25.777,-1928.285,OK,-145.205,50.056,-1899.695,OK,-186.068,36.223,-1884.911,Passive Strays,,,,,,,,,,,,
4,Port 0x01: pooter pooter-3e4c8800-0  s/n:3E4C8800,1506238181,1729171169.685188223,1,OK,-0.9132259,-1.9367661,-14.5896409,79.850,-136.465,-1910.581,0.0991062,3,OK,79.834,-136.460,-1910.583,OK,43.417,-222.996,-1889.082,OK,-9.853,-134.933,-1913.641,Port 0x03: pooter pooter-3e4c8801-1  s/n:3E4C8801,1506238181,1729171169.685188223,1,OK,-45.2210925,2.2069650,3.6868981,14.656,29.704,-1843.105,0.1413366,3,OK,14.794,29.662,-1843.105,OK,30.642,127.393,-1835.698,OK,-51.024,95.941,-1839.508,Port 0x05: pooter pooter-3e4c880c-12  s/n:3E4C880C,1506238181,1729171169.685188223,1,OK,-14.5216030,16.1525594,-10.2397436,64.042,-1.766,-1961.929,0.2495138,3,OK,-49.928,25.793,-1928.355,OK,-145.203,50.043,-1899.803,OK,-186.071,36.188,-1884.901,Passive Strays,,,,,,,,,,,,
4,Port 0x01: pooter pooter-3e4c8800-0  s/n:3E4C8800,1506238182,1729171169.701854889,1,OK,-0.8998723,-2.0368699,-14.5182905,79.872,-136.440,-1910.499,0.0971936,3,OK,79.855,-136.443,-1910.499,OK,43.428,-222.999,-1889.172,OK,-9.829,-134.930,-1913.716,Port 0x03: pooter pooter-3e4c8801-1  s/n:3E4C8801,1506238182,1729171169.701854889,1,OK,-45.2171770,2.2197428,3.6950089,14.672,29.708,-1843.094,0.1380088,3,OK,14.806,29.679,-1843.094,OK,30.658,127.390,-1835.663,OK,-51.015,95.932,-1839.477,Port 0x05: pooter pooter-3e4c880c-12  s/n:3E4C880C,1506238182,1729171169.701854889,1,OK,-14.5207297,16.0003471,-10.2621004,64.209,-1.813,-1961.290,0.2457690,3,OK,-49.899,25.771,-1928.011,OK,-145.186,50.031,-1899.739,OK,-186.056,36.186,-1884.935,Passive Strays,,,,,,,,,,,,
4,Port 0x01: pooter pooter-3e4c8800-0  s/n:3E4C8800,1506238183,1729171169.718521556,1,OK,-0.9056674,-2.0059955,-14.4896623,79.865,-136.437,-1910.490,0.0929060,3,OK,79.853,-136.440,-1910.489,OK,43.422,-222.999,-1889.188,OK,-9.839,-134.922,-1913.657,Port 0x03: pooter pooter-3e4c8801-1  s/n:3E4C8801,1506238183,1729171169.718521556,1,OK,-45.2171807,2.2737515,3.7179500,14.667,29.726,-1843.193,0.1464255,3,OK,14.810,29.679,-1843.194,OK,30.649,127.405,-1835.675,OK,-51.017,95.961,-1839.487,Port 0x05: pooter pooter-3e4c880c-12  s/n:3E4C880C,1506238183,1729171169.718521556,1,OK,-14.5185567,16.0891349,-10.2165808,64.118,-1.808,-1961.635,0.2411270,3,OK,-49.920,25.755,-1928.181,OK,-145.187,50.014,-1899.752,OK,-186.059,36.145,-1884.902,Passive Strays,,,,,,,,,,,,
4,Port 0x01: pooter pooter-3e4c8800-0  s/n:3E4C8800,1506238184,1729171169.735188223,1,OK,-0.9044811,-1.9692576,-14.5501122,79.846,-136.439,-1910.537,0.1023268,3,OK,79.824,-136.437,-1910.538,OK,43.419,-222.993,-1889.117,OK,-9.854,-134.917,-1913.649,Port 0x03: pooter pooter-3e4c8801-1  s/n:3E4C8801,1506238184,1729171169.735188223,1,OK,-45.2302194,2.2223790,3.7057937,14.645,29.713,-1843.146,0.1439908,3,OK,14.784,29.667,-1843.147,OK,30.638,127.393,-1835.698,OK,-51.014,95.965,-1839.524,Port 0x05: pooter pooter-3e4c880c-12  s/n:3E4C880C,1506238184,1729171169.735188223,1,OK,-14.5022192,16.0635189,-10.0158553,64.153,-1.774,-1961.454,0.2427635,3,OK,-49.932,25.766,-1928.053,OK,-145.189,49.993,-1899.677,OK,-186.081,36.110,-1884.927,Passive Strays,,,,,,,,,,,,
4,Port 0x01: pooter pooter-3e4c8800-0  s/n:3E4C8800,1506238185,1729171169.751854889,1,OK,-0.9055453,-1.9464666,-14.5009888,79.853,-136.436,-1910.538,0.0969378,3,OK,79.834,-136.437,-1910.539,OK,43.433,-223.000,-1889.182,OK,-9.851,-134.917,-1913.614,Port 0x03: pooter pooter-3e4c8801-1  s/n:3E4C8801,1506238185,1729171169.751854889,1,OK,-45.2209526,2.2149914,3.7328935,14.668,29.723,-1843.143,0.1425451,3,OK,14.808,29.682,-1843.143,OK,30.658,127.407,-1835.663,OK,-51.017,95.960,-1839.533,Port 0x05: pooter pooter-3e4c880c-12  s/n:3E4C880C,1506238185,1729171169.751854889,1,OK,-14.5077733,16.0418948,-10.2193635,64.178,-1.822,-1961.377,0.2413651,3,OK,-49.897,25.727,-1928.018,OK,-145.200,49.969,-1899.667,OK,-186.049,36.104,-1884.857,Passive Strays,,,,,,,,,,,,
4,Port 0x01: pooter pooter-3e4c8800-0  s/n:3E4C8800,1506238186,1729171169.768521556,1,OK,-0.8882608,-2.0769098,-14.4709721,79.874,-136.426,-1910.449,0.1016961,3,OK,79.854,-136.438,-1910.446,OK,43.443,-223.008,-1889.218,OK,-9.829,-134.927,-1913.730,Port 0x03: pooter pooter-3e4c8801-1  s/n:3E4C8801,1506238186,1729171169.768521556,1,OK,-45.2227749,2.2298665,3.7007812,14.673,29.714,-1843.104,0.1407967,3,OK,14.811,29.680,-1843.104,OK,30.670,127.395,-1835.655,OK,-51.008,95.948,-1839.470,Port 0x05: pooter pooter-3e4c880c-12  s/n:3E4C880C,1506238186,1729171169.768521556,1,OK,-14.5108274,16.0839111,-10.2057349,64.166,-1.829,-1961.509,0.2418214,3,OK,-49.893,25.722,-1928.062,OK,-145.149,49.964,-1899.647,OK,-186.014,36.093,-1884.808,Passive Strays,,,,,,,,,,,,
4,Port 0x01: pooter pooter-3e4c8800-0  s/n:3E4C8800,1506238187,1729171169.785188222,1,OK,-0.9128297,-1.9510693,-14.5055847,79.861,-136.453,-1910.559,0.0951749,3,OK,79.836,-136.460,-1910.558,OK,43.432,-223.004,-1889.200,OK,-9.838,-134.923,-1913.641,Port 0x03: pooter pooter-3e4c8801-1  s/n:3E4C8801,1506238187,1729171169.785188222,1,OK,-45.2193466,2.1748814,3.7682484,14.666,29.705,-1843.050,0.1355503,3,OK,14.798,29.672,-1843.050,OK,30.649,127.389,-1835.562,OK,-51.017,95.934,-1839.506,Port 0x05: pooter pooter-3e4c880c-12  s/n:3E4C880C,1506238187,1729171169.785188222,1,OK,-14.5097418,16.1567301,-9.8124984,64.100,-1.801,-1961.679,0.2540329,3,OK,-49.905,25.743,-1928.101,OK,-145.159,49.953,-1899.551,OK,-186.043,36.093,-1884.830,Passive Strays,,,,,,,,,,,,
4,Port 0x01: pooter pooter-3e4c8800-0  s/n:3E4C8800,1506238188,1729171169.801854889,1,OK,-0.8992418,-1.9853784,-14.4669103,79.854,-136.432,-1910.528,0.0979372,3,OK,79.833,-136.445,-1910.525,OK,43.439,-223.004,-1889.249,OK,-9.852,-134.919,-1913.665,Port 0x03: pooter pooter-3e4c8801-1  s/n:3E4C8801,1506238188,1729171169.801854889,1,OK,-45.2195320,2.2288525,3.7221881,14.663,29.727,-1843.143,0.1399421,3,OK,14.800,29.685,-1843.143,OK,30.647,127.411,-1835.664,OK,-51.014,95.960,-1839.510,Port 0x05: pooter pooter-3e4c880c-12  s/n:3E4C880C,1506238188,1729171169.801854889,1,OK,-14.5014897,16.0849113,-10.2911071,64.134,-1.800,-1961.568,0.2409477,3,OK,-49.909,25.729,-1928.123,OK,-145.187,49.962,-1899.700,OK,-186.059,36.082,-1884.819,Passive Strays,,,,,,,,,,,,
4,Port 0x01: pooter pooter-3e4c8800-0  s/n:3E4C8800,1506238189,1729171169.818521556,1,OK,-0.9052446,-1.9662503,-14.4863421,79.861,-136.441,-1910.556,0.0889117,3,OK,79.842,-136.443,-1910.556,OK,43.431,-223.003,-1889.236,OK,-9.837,-134.931,-1913.660,Port 0x03: pooter pooter-3e4c8801-1  s/n:3E4C8801,1506238189,1729171169.818521556,1,OK,-45.2238705,2.2265084,3.7576303,14.662,29.715,-1843.096,0.1447964,3,OK,14.803,29.667,-1843.097,OK,30.652,127.397,-1835.570,OK,-51.016,95.959,-1839.467,Port 0x05: pooter pooter-3e4c880c-12  s/n:3E4C880C,1506238189,1729171169.818521556,1,OK,-14.4898779,16.0617672,-10.2209273,64.174,-1.789,-1961.436,0.2492664,3,OK,-49.899,25.725,-1928.037,OK,-145.192,49.923,-1899.653,OK,-186.048,36.059,-1884.826,Passive Strays,,,,,,,,,,,,
4,Port 0x01: pooter pooter-3e4c8800-0  s/n:3E4C8800,1506238190,1729171169.835188223,1,OK,-0.9046792,-1.9699994,-14.5486150,79.863,-136.448,-1910.503,0.1085462,3,OK,79.844,-136.447,-1910.504,OK,43.440,-223.008,-1889.085,OK,-9.845,-134.919,-1913.619,Port 0x03: pooter pooter-3e4c8801-1  s/n:3E4C8801,1506238190,1729171169.835188223,1,OK,-45.2184491,2.1844359,3.6657506,14.674,29.713,-1843.066,0.1379378,3,OK,14.807,29.683,-1843.065,OK,30.651,127.399,-1835.711,OK,-51.002,95.943,-1839.505,Port 0x05: pooter pooter-3e4c880c-12  s/n:3E4C880C,1506238190,1729171169.835188223,1,OK,-14.5017968,16.1666347,-9.6898508,64.098,-1.842,-1961.672,0.2517166,3,OK,-49.898,25.684,-1928.080,OK,-145.167,49.885,-1899.509,OK,-186.053,36.010,-1884.833,Passive Strays,,,,,,,,,,,,
4,Port 0x01: pooter pooter-3e4c8800-0  s/n:3E4C8800,1506238191,1729171169.851854889,1,OK,-0.9102325,-1.9615964,-14.5071590,79.874,-136.438,-1910.525,0.0890064,3,OK,79.857,-136.440,-1910.525,OK,43.438,-222.988,-1889.170,OK,-9.825,-134.920,-1913.621,Port 0x03: pooter pooter-3e4c8801-1  s/n:3E4C8801,1506238191,1729171169.851854889,1,OK,-45.2215340,2.1920393,3.7647344,14.674,29.714,-1843.144,0.1367732,3,OK,14.808,29.677,-1843.144,OK,30.665,127.399,-1835.643,OK,-51.011,95.945,-1839.572,Port 0x05: pooter pooter-3e4c880c-12  s/n:3E4C880C,1506238191,1729171169.851854889,1,OK,-14.4700057,16.1032960,-10.0560967,64.156,-1.797,-1961.565,0.2507261,3,OK,-49.898,25.673,-1928.088,OK,-145.183,49.831,-1899.632,OK,-186.057,35.945,-1884.841,Passive Strays,,,,,,,,,,,,
4,Port 0x01: pooter pooter-3e4c8800-0  s/n:3E4C8800,1506238192,1729171169.868521556,1,OK,-0.8970669,-2.0114033,-14.5342094,79.852,-136.429,-1910.495,0.1021567,3,OK,79.839,-136.432,-1910.495,OK,43.424,-222.988,-1889.127,OK,-9.857,-134.918,-1913.674,Port 0x03: pooter pooter-3e4c8801-1  s/n:3E4C8801,1506238192,1729171169.868521556,1,OK,-45.2224528,2.1915902,3.7326808,14.667,29.721,-1843.101,0.1391944,3,OK,14.803,29.683,-1843.101,OK,30.652,127.405,-1835.646,OK,-51.008,95.959,-1839.529,Port 0x05: pooter pooter-3e4c880c-12  s/n:3E4C880C,1506238192,1729171169.868521556,1,OK,-14.4697546,16.0905555,-9.9503524,64.171,-1.834,-1961.387,0.2499661,3,OK,-49.908,25.640,-1927.935,OK,-145.183,49.796,-1899.507,OK,-186.056,35.906,-1884.771,Passive Strays,,,,,,,,,,,,
4,Port 0x01: pooter pooter-3e4c8800-0  s/n:3E4C8800,1506238193,1729171169.885188223,1,OK,-0.9079673,-1.9687731,-14.5205952,79.844,-136.446,-1910.536,0.0939170,3,OK,79.821,-136.446,-1910.537,OK,43.409,-223.000,-1889.164,OK,-9.852,-134.927,-1913.646,Port 0x03: pooter pooter-3e4c8801-1  s/n:3E4C8801,1506238193,1729171169.885188223,1,OK,-45.2221325,2.2186467,3.7152334,14.651,29.722,-1843.077,0.1453210,3,OK,14.793,29.679,-1843.078,OK,30.640,127.405,-1835.619,OK,-51.032,95.964,-1839.461,Port 0x05: pooter pooter-3e4c880c-12  s/n:3E4C880C,1506238193,1729171169.885188223,1,OK,-14.4743914,16.2107514,-9.6387956,64.060,-1.802,-1961.757,0.2568254,3,OK,-49.920,25.665,-1928.078,OK,-145.189,49.807,-1899.428,OK,-186.059,35.920,-1884.747,Passive Strays,,,,,,,,,,,,
4,Port 0x01: pooter pooter-3e4c8800-0  s/n:3E4C8800,1506238194,1729171169.901854889,1,OK,-0.9042097,-2.0237893,-14.5333768,79.863,-136.435,-1910.479,0.1003888,3,OK,79.846,-136.438,-1910.479,OK,43.419,-222.989,-1889.120,OK,-9.840,-134.914,-1913.676,Port 0x03: pooter pooter-3e4c8801-1  s/n:3E4C8801,1506238194,1729171169.901854889,1,OK,-45.2229663,2.1754471,3.6789730,14.662,29.723,-1843.081,0.1391863,3,OK,14.798,29.685,-1843.081,OK,30.653,127.415,-1835.716,OK,-51.020,95.960,-1839.535,Port 0x05: pooter pooter-3e4c880c-12  s/n:3E4C880C,1506238194,1729171169.901854889,1,OK,-14.4856780,16.1447882,-9.6758528,64.121,-1.838,-1961.523,0.2457220,3,OK,-49.914,25.659,-1927.970,OK,-145.171,49.844,-1899.447,OK,-186.064,35.943,-1884.788,Passive Strays,,,,,,,,,,,,
4,Port 0x01: pooter pooter-3e4c8800-0  s/n:3E4C8800,1506238195,1729171169.918521556,1,OK,-0.9147824,-1.9121259,-14.5497373,79.861,-136.455,-1910.573,0.0944971,3,OK,79.850,-136.449,-1910.575,OK,43.432,-222.997,-1889.121,OK,-9.845,-134.926,-1913.594,Port 0x03: pooter pooter-3e4c8801-1  s/n:3E4C8801,1506238195,1729171169.918521556,1,OK,-45.2188794,2.2378062,3.7220745,14.670,29.711,-1843.116,0.1411846,3,OK,14.808,29.674,-1843.116,OK,30.654,127.390,-1835.629,OK,-51.009,95.943,-1839.469,Port 0x05: pooter pooter-3e4c880c-12  s/n:3E4C880C,1506238195,1729171169.918521556,1,OK,-14.4647976,16.0907336,-10.1806413,64.169,-1.832,-1961.431,0.2485619,3,OK,-49.909,25.630,-1927.972,OK,-145.170,49.784,-1899.547,OK,-186.047,35.890,-1884.708,Passive Strays,,,,,,,,,,,,
4,Port 0x01: pooter pooter-3e4c8800-0  s/n:3E4C8800,1506238196,1729171169.935188223,1,OK,-0.8930755,-2.0543259,-14.5507437,79.859,-136.454,-1910.519,0.1110327,3,OK,79.838,-136.462,-1910.517,OK,43.429,-223.016,-1889.149,OK,-9.848,-134.939,-1913.767,Port 0x03: pooter pooter-3e4c8801-1  s/n:3E4C8801,1506238196,1729171169.935188223,1,OK,-45.2227687,2.1694037,3.7311370,14.661,29.704,-1843.085,0.1416548,3,OK,14.800,29.666,-1843.085,OK,30.651,127.389,-1835.654,OK,-51.024,95.943,-1839.549,Port 0x05: pooter pooter-3e4c880c-12  s/n:3E4C880C,1506238196,1729171169.935188223,1,OK,-14.4409224,16.1386081,-9.6585098,64.137,-1.819,-1961.503,0.2546692,3,OK,-49.926,25.594,-1927.963,OK,-145.200,49.688,-1899.451,OK,-186.087,35.776,-1884.804,Passive Strays,,,,,,,,,,,,
4,Port 0x01: pooter pooter-3e4c8800-0  s/n:3E4C8800,1506238197,1729171169.951854889,1,OK,-0.9211905,-1.9312706,-14.5675392,79.863,-136.463,-1910.604,0.0969106,3,OK,79.844,-136.454,-1910.607,OK,43.418,-222.999,-1889.135,OK,-9.833,-134.922,-1913.655,Port 0x03: pooter pooter-3e4c8801-1  s/n:3E4C8801,1506238197,1729171169.951854889,1,OK,-45.2243242,2.1404535,3.7692093,14.666,29.711,-1843.065,0.1387987,3,OK,14.802,29.680,-1843.065,OK,30.657,127.393,-1835.610,OK,-51.019,95.948,-1839.577,Port 0x05: pooter pooter-3e4c880c-12  s/n:3E4C880C,1506238197,1729171169.951854889,1,OK,-14.4226732,16.1781174,-9.8704883,64.094,-1.812,-1961.666,0.2461969,3,OK,-49.917,25.549,-1928.049,OK,-145.216,49.636,-1899.458,OK,-186.098,35.687,-1884.687,Passive Strays,,,,,,,,,,,,
4,Port 0x01: pooter pooter-3e4c8800-0  s/n:3E4C8800,1506238198,1729171169.968521556,1,OK,-0.9058140,-1.9666383,-14.5325370,79.860,-136.445,-1910.494,0.0961829,3,OK,79.837,-136.447,-1910.494,OK,43.432,-222.996,-1889.102,OK,-9.838,-134.926,-1913.600,Port 0x03: pooter pooter-3e4c8801-1  s/n:3E4C8801,1506238198,1729171169.968521556,1,OK,-45.2255754,2.1629047,3.7393609,14.658,29.716,-1843.094,0.1406520,3,OK,14.796,29.677,-1843.094,OK,30.651,127.402,-1835.657,OK,-51.023,95.958,-1839.568,Port 0x05: pooter pooter-3e4c880c-12  s/n:3E4C880C,1506238198,1729171169.968521556,1,OK,-14.4164399,16.0929249,-10.0021913,64.186,-1.836,-1961.385,0.2450973,3,OK,-49.905,25.528,-1927.929,OK,-145.205,49.609,-1899.497,OK,-186.085,35.666,-1884.729,Passive Strays,,,,,,,,,,,,
4,Port 0x01: pooter pooter-3e4c8800-0  s/n:3E4C8800,1506238199,1729171169.985188223,1,OK,-0.9069128,-1.9825470,-14.5584342,79.862,-136.455,-1910.525,0.0949701,3,OK,79.837,-136.459,-1910.525,OK,43.426,-222.991,-1889.104,OK,-9.833,-134.935,-1913.656,Port 0x03: pooter pooter-3e4c8801-1  s/n:3E4C8801,1506238199,1729171169.985188223,1,OK,-45.2142710,2.3205114,3.7200044,14.658,29.716,-1843.191,0.1401801,3,OK,14.796,29.676,-1843.192,OK,30.649,127.395,-1835.622,OK,-51.030,95.937,-1839.410,Port 0x05: pooter pooter-3e4c880c-12  s/n:3E4C880C,1506238199,1729171169.985188223,1,OK,-14.4297459,16.1156157,-9.8828705,64.155,-1.851,-1961.398,0.2399364,3,OK,-49.926,25.536,-1927.896,OK,-145.203,49.642,-1899.429,OK,-186.084,35.693,-1884.697,Passive Strays,,,,,,,,,,,,
4,Port 0x01: pooter pooter-3e4c8800-0  s/n:3E4C8800,1506238200,1729171170.001854889,1,OK,-0.8926382,-2.0222497,-14.5347962,79.848,-136.434,-1910.479,0.0999591,3,OK,79.831,-136.432,-1910.480,OK,43.419,-222.998,-1889.116,OK,-9.853,-134.933,-1913.673,Port 0x03: pooter pooter-3e4c8801-1  s/n:3E4C8801,1506238200,1729171170.001854889,1,OK,-45.2266219,2.1480238,3.7436381,14.657,29.719,-1843.070,0.1413756,3,OK,14.795,29.680,-1843.071,OK,30.651,127.405,-1835.644,OK,-51.025,95.963,-1839.570,Port 0x05: pooter pooter-3e4c880c-12  s/n:3E4C880C,1506238200,1729171170.001854889,1,OK,-14.4349849,16.2030052,-9.5163028,64.081,-1.816,-1961.772,0.2491439,3,OK,-49.921,25.572,-1928.113,OK,-145.203,49.664,-1899.481,OK,-186.101,35.723,-1884.845,Passive Strays,,,,,,,,,,,,
4,Port 0x01: pooter pooter-3e4c8800-0  s/n:3E4C8800,1506238201,1729171170.018521556,1,OK,-0.9015693,-2.0297420,-14.5139388,79.867,-136.432,-1910.453,0.0986965,3,OK,79.849,-136.435,-1910.453,OK,43.424,-222.993,-1889.128,OK,-9.835,-134.917,-1913.660,Port 0x03: pooter pooter-3e4c8801-1  s/n:3E4C8801,1506238201,1729171170.018521556,1,OK,-45.2237340,2.2030665,3.6916711,14.668,29.707,-1843.070,0.1409552,3,OK,14.805,29.670,-1843.070,OK,30.651,127.390,-1835.660,OK,-50.999,95.948,-1839.479,Port 0x05: pooter pooter-3e4c880c-12  s/n:3E4C880C,1506238201,1729171170.018521556,1,OK,-14.4220226,16.1410673,-9.4741215,64.147,-1.815,-1961.485,0.2529319,3,OK,-49.926,25.561,-1927.946,OK,-145.203,49.627,-1899.432,OK,-186.111,35.689,-1884.856,Passive Strays,,,,,,,,,,,,
4,Port 0x01: pooter pooter-3e4c8800-0  s/n:3E4C8800,1506238202,1729171170.035188222,1,OK,-0.9129305,-1.9755412,-14.5615284,79.867,-136.460,-1910.572,0.1045252,3,OK,79.850,-136.464,-1910.571,OK,43.429,-223.001,-1889.140,OK,-9.843,-134.921,-1913.695,Port 0x03: pooter pooter-3e4c8801-1  s/n:3E4C8801,1506238202,1729171170.035188222,1,OK,-45.2215099,2.1679604,3.6905669,14.662,29.714,-1843.019,0.1394985,3,OK,14.798,29.680,-1843.018,OK,30.651,127.402,-1835.646,OK,-51.024,95.948,-1839.485,Port 0x05: pooter pooter-3e4c880c-12  s/n:3E4C880C,1506238202,1729171170.035188222,1,OK,-14.4095240,16.1069837,-9.5851005,64.172,-1.828,-1961.429,0.2499489,3,OK,-49.920,25.526,-1927.958,OK,-145.220,49.582,-1899.502,OK,-186.134,35.632,-1884.897,Passive Strays,,,,,,,,,,,,
4,Port 0x01: pooter pooter-3e4c8800-0  s/n:3E4C8800,1506238203,1729171170.051854889,1,OK,-0.9013383,-2.0113699,-14.5128674,79.862,-136.438,-1910.512,0.0997437,3,OK,79.837,-136.447,-1910.510,OK,43.431,-222.996,-1889.178,OK,-9.838,-134.920,-1913.690,Port 0x03: pooter pooter-3e4c8801-1  s/n:3E4C8801,1506238203,1729171170.051854889,1,OK,-45.2156484,2.2211355,3.6887168,14.665,29.717,-1843.099,0.1339162,3,OK,14.796,29.680,-1843.100,OK,30.647,127.409,-1835.675,OK,-51.016,95.939,-1839.480,Port 0x05: pooter pooter-3e4c880c-12  s/n:3E4C880C,1506238203,1729171170.051854889,1,OK,-14.4069045,16.1549439,-9.5767476,64.121,-1.821,-1961.544,0.2458343,3,OK,-49.934,25.518,-1927.978,OK,-145.225,49.574,-1899.437,OK,-186.135,35.607,-1884.802,Passive Strays,,,,,,,,,,,,
4,Port 0x01: pooter pooter-3e4c8800-0  s/n:3E4C8800,1506238204,1729171170.068521556,1,OK,-0.9047139,-1.9748949,-14.5463577,79.855,-136.450,-1910.542,0.0995847,3,OK,79.828,-136.447,-1910.544,OK,43.424,-223.004,-1889.132,OK,-9.838,-134.931,-1913.662,Port 0x03: pooter pooter-3e4c8801-1  s/n:3E4C8801,1506238204,1729171170.068521556,1,OK,-45.2153823,2.2095540,3.7346256,14.668,29.707,-1843.081,0.1363549,3,OK,14.801,29.675,-1843.081,OK,30.648,127.391,-1835.604,OK,-51.017,95.930,-1839.480,Port 0x05: pooter pooter-3e4c880c-12  s/n:3E4C880C,1506238204,1729171170.068521556,1,OK,-14.4075787,16.1326014,-9.5367558,64.151,-1.831,-1961.467,0.2469817,3,OK,-49.934,25.515,-1927.942,OK,-145.220,49.568,-1899.444,OK,-186.121,35.608,-1884.846,Passive Strays,,,,,,,,,,,,
4,Port 0x01: pooter pooter-3e4c8800-0  s/n:3E4C8800,1506238205,1729171170.085188223,1,OK,-0.9002146,-2.0149901,-14.4943766,79.863,-136.440,-1910.478,0.0919013,3,OK,79.843,-136.451,-1910.476,OK,43.428,-222.997,-1889.177,OK,-9.838,-134.933,-1913.660,Port 0x03: pooter pooter-3e4c8801-1  s/n:3E4C8801,1506238205,1729171170.085188223,1,OK,-45.2253465,2.1678819,3.7074501,14.657,29.702,-1843.044,0.1398590,3,OK,14.793,29.667,-1843.043,OK,30.649,127.387,-1835.647,OK,-51.020,95.942,-1839.510,Port 0x05: pooter pooter-3e4c880c-12  s/n:3E4C880C,1506238205,1729171170.085188223,1,OK,-14.4063379,16.1286209,-9.4868350,64.178,-1.829,-1961.409,0.2547297,3,OK,-49.919,25.520,-1927.892,OK,-145.191,49.557,-1899.405,OK,-186.106,35.611,-1884.828,Passive Strays,,,,,,,,,,,,
4,Port 0x01: pooter pooter-3e4c8800-0  s/n:3E4C8800,1506238206,1729171170.101854889,1,OK,-0.9039778,-1.9732452,-14.5451343,79.859,-136.439,-1910.531,0.0991508,3,OK,79.833,-136.443,-1910.530,OK,43.434,-222.987,-1889.123,OK,-9.838,-134.919,-1913.649,Port 0x03: pooter pooter-3e4c8801-1  s/n:3E4C8801,1506238206,1729171170.101854889,1,OK,-45.2182153,2.2494673,3.6842300,14.666,29.712,-1843.060,0.1369703,3,OK,14.799,29.681,-1843.060,OK,30.653,127.394,-1835.613,OK,-51.013,95.938,-1839.394,Port 0x05: pooter pooter-3e4c880c-12  s/n:3E4C880C,1506238206,1729171170.101854889,1,OK,-14.4159301,16.2123042,-9.2906586,64.109,-1.838,-1961.625,0.2520333,3,OK,-49.903,25.513,-1927.953,OK,-145.192,49.566,-1899.305,OK,-186.094,35.613,-1884.760,Passive Strays,,,,,,,,,,,,
4,Port 0x01: pooter pooter-3e4c8800-0  s/n:3E4C8800,1506238207,1729171170.118521553,1,OK,-0.9123768,-1.9640396,-14.4674935,79.856,-136.444,-1910.572,0.0926725,3,OK,79.839,-136.444,-1910.572,OK,43.418,-223.013,-1889.278,OK,-9.845,-134.919,-1913.673,Port 0x03: pooter pooter-3e4c8801-1  s/n:3E4C8801,1506238207,1729171170.118521553,1,OK,-45.2216540,2.1639699,3.7496648,14.662,29.727,-1843.109,0.1394907,3,OK,14.799,29.688,-1843.109,OK,30.652,127.415,-1835.657,OK,-51.025,95.962,-1839.583,Port 0x05: pooter pooter-3e4c880c-12  s/n:3E4C880C,1506238207,1729171170.118521553,1,OK,-14.4071939,16.1831411,-9.5852620,64.119,-1.807,-1961.577,0.2513227,3,OK,-49.929,25.532,-1927.950,OK,-145.181,49.576,-1899.368,OK,-186.105,35.615,-1884.705,Passive Strays,,,,,,,,,,,,
4,Port 0x01: pooter pooter-3e4c8800-0  s/n:3E4C8800,1506238208,1729171170.135188220,1,OK,-0.8950991,-2.0291393,-14.5156485,79.855,-136.427,-1910.469,0.0979715,3,OK,79.831,-136.441,-1910.465,OK,43.428,-222.982,-1889.142,OK,-9.846,-134.921,-1913.674,Port 0x03: pooter pooter-3e4c8801-1  s/n:3E4C8801,1506238208,1729171170.135188220,1,OK,-45.2247181,2.1697064,3.7214890,14.652,29.719,-1843.063,0.1480033,3,OK,14.796,29.671,-1843.064,OK,30.638,127.406,-1835.645,OK,-51.030,95.969,-1839.526,Port 0x05: pooter pooter-3e4c880c-12  s/n:3E4C880C,1506238208,1729171170.135188220,1,OK,-14.4098015,16.1062723,-9.6134768,64.186,-1.844,-1961.329,0.2490433,3,OK,-49.922,25.512,-1927.853,OK,-145.194,49.569,-1899.407,OK,-186.115,35.614,-1884.787,Passive Strays,,,,,,,,,,,,
4,Port 0x01: pooter pooter-3e4c8800-0  s/n:3E4C8800,1506238209,1729171170.151854886,1,OK,-0.9188797,-1.9345329,-14.5547760,79.869,-136.447,-1910.573,0.1020557,3,OK,79.848,-136.431,-1910.578,OK,43.424,-223.000,-1889.123,OK,-9.825,-134.907,-1913.630,Port 0x03: pooter pooter-3e4c8801-1  s/n:3E4C8801,1506238209,1729171170.151854886,1,OK,-45.2241405,2.2173378,3.7207612,14.657,29.720,-1843.099,0.1411734,3,OK,14.795,29.685,-1843.099,OK,30.652,127.400,-1835.635,OK,-51.021,95.958,-1839.486,Port 0x05: pooter pooter-3e4c880c-12  s/n:3E4C880C,1506238209,1729171170.151854886,1,OK,-14.3987290,16.1286422,-9.8232654,64.162,-1.821,-1961.457,0.2509480,3,OK,-49.922,25.507,-1927.934,OK,-145.196,49.545,-1899.446,OK,-186.109,35.588,-1884.720,Passive Strays,,,,,,,,,,,,
4,Port 0x01: pooter pooter-3e4c8800-0  s/n:3E4C8800,1506238210,1729171170.168521553,1,OK,-0.8960361,-2.0506623,-14.5206129,79.868,-136.446,-1910.513,0.0999058,3,OK,79.845,-136.461,-1910.510,OK,43.433,-222.999,-1889.193,OK,-9.835,-134.936,-1913.753,Port 0x03: pooter pooter-3e4c8801-1  s/n:3E4C8801,1506238210,1729171170.168521553,1,OK,-45.2245875,2.1391957,3.6772267,14.667,29.715,-1843.023,0.1422352,3,OK,14.806,29.680,-1843.023,OK,30.656,127.405,-1835.698,OK,-51.015,95.957,-1839.536,Port 0x05: pooter pooter-3e4c880c-12  s/n:3E4C880C,1506238210,1729171170.168521553,1,OK,-14.4043850,16.1901318,-9.4417528,64.132,-1.842,-1961.559,0.2473076,3,OK,-49.908,25.489,-1927.925,OK,-145.178,49.534,-1899.326,OK,-186.099,35.560,-1884.721,Passive Strays,,,,,,,,,,,,
4,Port 0x01: pooter pooter-3e4c8800-0  s/n:3E4C8800,1506238211,1729171170.185188220,1,OK,-0.9017357,-1.9914352,-14.5150619,79.856,-136.435,-1910.461,0.0884668,3,OK,79.840,-136.441,-1910.460,OK,43.422,-222.984,-1889.114,OK,-9.844,-134.930,-1913.605,Port 0x03: pooter pooter-3e4c8801-1  s/n:3E4C8801,1506238211,1729171170.185188220,1,OK,-45.2275636,2.1680054,3.7316311,14.651,29.713,-1843.081,0.1397984,3,OK,14.787,29.679,-1843.081,OK,30.645,127.396,-1835.651,OK,-51.023,95.956,-1839.547,Port 0x05: pooter pooter-3e4c880c-12  s/n:3E4C880C,1506238211,1729171170.185188220,1,OK,-14.4023047,16.2175285,-9.5131512,64.102,-1.819,-1961.661,0.2556599,3,OK,-49.918,25.506,-1927.969,OK,-145.171,49.532,-1899.323,OK,-186.098,35.573,-1884.667,Passive Strays,,,,,,,,,,,,
4,Port 0x01: pooter pooter-3e4c8800-0  s/n:3E4C8800,1506238212,1729171170.201854886,1,OK,-0.9054180,-1.9781690,-14.5318524,79.851,-136.446,-1910.534,0.1010079,3,OK,79.834,-136.440,-1910.536,OK,43.417,-223.008,-1889.148,OK,-9.851,-134.925,-1913.660,Port 0x03: pooter pooter-3e4c8801-1  s/n:3E4C8801,1506238212,1729171170.201854886,1,OK,-45.2209996,2.1972645,3.7293149,14.651,29.710,-1843.036,0.1359105,3,OK,14.783,29.674,-1843.036,OK,30.636,127.395,-1835.579,OK,-51.025,95.941,-1839.455,Port 0x05: pooter pooter-3e4c880c-12  s/n:3E4C880C,1506238212,1729171170.201854886,1,OK,-14.4047906,16.1007653,-9.6815236,64.212,-1.828,-1961.197,0.2396675,3,OK,-49.907,25.515,-1927.727,OK,-145.169,49.583,-1899.297,OK,-186.092,35.600,-1884.648,Passive Strays,,,,,,,,,,,,
4,Port 0x01: pooter pooter-3e4c8800-0  s/n:3E4C8800,1506238213,1729171170.218521553,1,OK,-0.8956671,-2.0182704,-14.6041854,79.858,-136.457,-1910.584,0.1071799,3,OK,79.843,-136.453,-1910.586,OK,43.425,-223.001,-1889.111,OK,-9.849,-134.945,-1913.774,Port 0x03: pooter pooter-3e4c8801-1  s/n:3E4C8801,1506238213,1729171170.218521553,1,OK,-45.2254185,2.1474401,3.7365168,14.650,29.706,-1843.065,0.1389237,3,OK,14.786,29.679,-1843.064,OK,30.648,127.387,-1835.649,OK,-51.036,95.942,-1839.566,Port 0x05: pooter pooter-3e4c880c-12  s/n:3E4C880C,1506238213,1729171170.218521553,1,OK,-14.4134512,16.2225946,-9.3945366,64.129,-1.837,-1961.509,0.2587438,3,OK,-49.881,25.511,-1927.812,OK,-145.140,49.548,-1899.153,OK,-186.067,35.603,-1884.547,Passive Strays,,,,,,,,,,,,
4,Port 0x01: pooter pooter-3e4c8800-0  s/n:3E4C8800,1506238214,1729171170.235188220,1,OK,-0.9100764,-1.9650553,-14.5469659,79.866,-136.464,-1910.524,0.0902527,3,OK,79.844,-136.467,-1910.524,OK,43.428,-222.998,-1889.112,OK,-9.830,-134.944,-1913.627,Port 0x03: pooter pooter-3e4c8801-1  s/n:3E4C8801,1506238214,1729171170.235188220,1,OK,-45.2197655,2.2438906,3.6773527,14.659,29.698,-1843.101,0.1395618,3,OK,14.796,29.661,-1843.101,OK,30.651,127.384,-1835.669,OK,-51.022,95.928,-1839.444,Port 0x05: pooter pooter-3e4c880c-12  s/n:3E4C880C,1506238214,1729171170.235188220,1,OK,-14.4126491,16.2524767,-9.0791174,64.103,-1.908,-1961.609,0.2499310,3,OK,-49.904,25.435,-1927.857,OK,-145.138,49.479,-1899.154,OK,-186.088,35.502,-1884.657,Passive Strays,,,,,,,,,,,,
4,Port 0x01: pooter pooter-3e4c8800-0  s/n:3E4C8800,1506238215,1729171170.251854886,1,OK,-0.9058865,-1.9679017,-14.5615335,79.862,-136.447,-1910.538,0.0981746,3,OK,79.848,-136.446,-1910.539,OK,43.431,-222.989,-1889.102,OK,-9.845,-134.927,-1913.647,Port 0x03: pooter pooter-3e4c8801-1  s/n:3E4C8801,1506238215,1729171170.251854886,1,OK,-45.2226168,2.2352836,3.7082660,14.659,29.714,-1843.142,0.1375972,3,OK,14.793,29.676,-1843.143,OK,30.649,127.398,-1835.677,OK,-51.012,95.948,-1839.500,Port 0x05: pooter pooter-3e4c880c-12  s/n:3E4C880C,1506238215,1729171170.251854886,1,OK,-14.3780387,16.1789520,-9.5899032,64.155,-1.854,-1961.489,0.2410845,3,OK,-49.904,25.422,-1927.872,OK,-145.171,49.440,-1899.299,OK,-186.103,35.430,-1884.629,Passive Strays,,,,,,,,,,,,
4,Port 0x01: pooter pooter-3e4c8800-0  s/n:3E4C8800,1506238216,1729171170.268521553,1,OK,-0.9042495,-2.0003030,-14.4956116,79.846,-136.431,-1910.475,0.0962943,3,OK,79.822,-136.432,-1910.476,OK,43.409,-222.997,-1889.160,OK,-9.849,-134.914,-1913.634,Port 0x03: pooter pooter-3e4c8801-1  s/n:3E4C8801,1506238216,1729171170.268521553,1,OK,-45.2278052,2.2190535,3.8068865,14.638,29.718,-1843.147,0.1449513,3,OK,14.780,29.676,-1843.147,OK,30.641,127.391,-1835.560,OK,-51.045,95.963,-1839.531,Port 0x05: pooter pooter-3e4c880c-12  s/n:3E4C880C,1506238216,1729171170.268521553,1,OK,-14.3872352,16.2378778,-9.3976312,64.092,-1.860,-1961.653,0.2486686,3,OK,-49.920,25.429,-1927.924,OK,-145.180,49.440,-1899.242,OK,-186.105,35.450,-1884.620,Passive Strays,,,,,,,,,,,,
4,Port 0x01: pooter pooter-3e4c8800-0  s/n:3E4C8800,1506238217,1729171170.285188220,1,OK,-0.9115222,-1.9562478,-14.5947708,79.858,-136.449,-1910.568,0.0996450,3,OK,79.838,-136.448,-1910.569,OK,43.423,-222.977,-1889.073,OK,-9.843,-134.918,-1913.659,Port 0x03: pooter pooter-3e4c8801-1  s/n:3E4C8801,1506238217,1729171170.285188220,1,OK,-45.2229073,2.2039524,3.7326343,14.653,29.722,-1843.069,0.1405841,3,OK,14.790,29.684,-1843.069,OK,30.640,127.404,-1835.601,OK,-51.022,95.961,-1839.477,Port 0x05: pooter pooter-3e4c880c-12  s/n:3E4C880C,1506238217,1729171170.285188220,1,OK,-14.4024968,16.1546350,-9.5307637,64.185,-1.869,-1961.333,0.2378893,3,OK,-49.886,25.460,-1927.765,OK,-145.142,49.526,-1899.238,OK,-186.092,35.525,-1884.607,Passive Strays,,,,,,,,,,,,
4,Port 0x01: pooter pooter-3e4c8800-0  s/n:3E4C8800,1506238218,1729171170.301854887,1,OK,-0.9066691,-2.0291602,-14.5323557,79.863,-136.438,-1910.466,0.0977189,3,OK,79.846,-136.446,-1910.464,OK,43.414,-222.985,-1889.113,OK,-9.840,-134.916,-1913.671,Port 0x03: pooter pooter-3e4c8801-1  s/n:3E4C8801,1506238218,1729171170.301854887,1,OK,-45.2264373,2.1823053,3.6921160,14.653,29.710,-1843.062,0.1373791,3,OK,14.787,29.679,-1843.061,OK,30.653,127.396,-1835.672,OK,-51.025,95.946,-1839.505,Port 0x05: pooter pooter-3e4c880c-12  s/n:3E4C880C,1506238218,1729171170.301854887,1,OK,-14.4071817,16.2342970,-9.1595280,64.126,-1.833,-1961.569,0.2516046,3,OK,-49.892,25.502,-1927.852,OK,-145.140,49.537,-1899.178,OK,-186.080,35.564,-1884.661,Passive Strays,,,,,,,,,,,,
4,Port 0x01: pooter pooter-3e4c8800-0  s/n:3E4C8800,1506238219,1729171170.318521553,1,OK,-0.8936982,-2.0168943,-14.5319270,79.859,-136.437,-1910.477,0.0988861,3,OK,79.847,-136.435,-1910.477,OK,43.429,-222.999,-1889.115,OK,-9.847,-134.936,-1913.662,Port 0x03: pooter pooter-3e4c8801-1  s/n:3E4C8801,1506238219,1729171170.318521553,1,OK,-45.2236791,2.2168495,3.6889692,14.653,29.716,-1843.105,0.1374643,3,OK,14.786,29.674,-1843.106,OK,30.643,127.407,-1835.685,OK,-51.019,95.953,-1839.493,Port 0x05: pooter pooter-3e4c880c-12  s/n:3E4C880C,1506238219,1729171170.318521553,1,OK,-14.4046608,16.1843657,-9.4025143,64.174,-1.876,-1961.358,0.2425437,3,OK,-49.878,25.456,-1927.733,OK,-145.132,49.510,-1899.151,OK,-186.070,35.521,-1884.561,Passive Strays,,,,,,,,,,,,
4,Port 0x01: pooter pooter-3e4c8800-0  s/n:3E4C8800,1506238220,1729171170.335188220,1,OK,-0.8896918,-2.0581007,-14.5185150,79.857,-136.440,-1910.464,0.1054282,3,OK,79.833,-136.453,-1910.462,OK,43.431,-223.007,-1889.149,OK,-9.846,-134.935,-1913.718,Port 0x03: pooter pooter-3e4c8801-1  s/n:3E4C8801,1506238220,1729171170.335188220,1,OK,-45.2284898,2.1616399,3.7439734,14.651,29.695,-1843.085,0.1417357,3,OK,14.790,29.649,-1843.086,OK,30.647,127.384,-1835.644,OK,-51.025,95.943,-1839.562,Port 0x05: pooter pooter-3e4c880c-12  s/n:3E4C880C,1506238220,1729171170.335188220,1,OK,-14.3889875,16.1793204,-9.3148831,64.164,-1.875,-1961.397,0.2386314,3,OK,-49.910,25.426,-1927.781,OK,-145.161,49.460,-1899.213,OK,-186.098,35.449,-1884.663,Passive Strays,,,,,,,,,,,,
4,Port 0x01: pooter pooter-3e4c8800-0  s/n:3E4C8800,1506238221,1729171170.351854886,1,OK,-0.9007626,-2.0168457,-14.5263726,79.862,-136.440,-1910.504,0.1020660,3,OK,79.844,-136.449,-1910.502,OK,43.430,-222.996,-1889.152,OK,-9.845,-134.922,-1913.692,Port 0x03: pooter pooter-3e4c8801-1  s/n:3E4C8801,1506238221,1729171170.351854886,1,OK,-45.2263965,2.1751998,3.7276440,14.650,29.703,-1843.046,0.1391334,3,OK,14.785,29.665,-1843.046,OK,30.643,127.388,-1835.614,OK,-51.025,95.944,-1839.501,Port 0x05: pooter pooter-3e4c880c-12  s/n:3E4C880C,1506238221,1729171170.351854886,1,OK,-14.3773047,16.1631152,-9.5206601,64.170,-1.855,-1961.409,0.2368020,3,OK,-49.907,25.422,-1927.823,OK,-145.173,49.446,-1899.281,OK,-186.111,35.425,-1884.650,Passive Strays,,,,,,,,,,,,
4,Port 0x01: pooter pooter-3e4c8800-0  s/n:3E4C8800,1506238222,1729171170.368521553,1,OK,-0.9173598,-1.9245502,-14.5359882,79.855,-136.458,-1910.527,0.0906363,3,OK,79.838,-136.457,-1910.528,OK,43.419,-222.997,-1889.105,OK,-9.845,-134.928,-1913.566,Port 0x03: pooter pooter-3e4c8801-1  s/n:3E4C8801,1506238222,1729171170.368521553,1,OK,-45.2211344,2.2127323,3.7079738,14.654,29.706,-1843.098,0.1419164,3,OK,14.792,29.671,-1843.098,OK,30.639,127.386,-1835.656,OK,-51.026,95.942,-1839.492,Port 0x05: pooter pooter-3e4c880c-12  s/n:3E4C880C,1506238222,1729171170.368521553,1,OK,-14.3931222,16.2571389,-9.2589206,64.084,-1.868,-1961.670,0.2420947,3,OK,-49.908,25.427,-1927.909,OK,-145.171,49.459,-1899.191,OK,-186.104,35.452,-1884.613,Passive Strays,,,,,,,,,,,,
4,Port 0x01: pooter pooter-3e4c8800-0  s/n:3E4C8800,1506238223,1729171170.385188220,1,OK,-0.9043650,-1.9940166,-14.5262393,79.861,-136.442,-1910.511,0.0954950,3,OK,79.847,-136.446,-1910.510,OK,43.425,-222.993,-1889.146,OK,-9.844,-134.927,-1913.661,Port 0x03: pooter pooter-3e4c8801-1  s/n:3E4C8801,1506238223,1729171170.385188220,1,OK,-45.2208711,2.1835598,3.7447659,14.656,29.713,-1843.072,0.1391466,3,OK,14.792,29.685,-1843.072,OK,30.644,127.390,-1835.608,OK,-51.028,95.944,-1839.514,Port 0x05: pooter pooter-3e4c880c-12  s/n:3E4C880C,1506238223,1729171170.385188220,1,OK,-14.4015871,16.1825943,-9.3474003,64.152,-1.862,-1961.445,0.2452733,3,OK,-49.915,25.468,-1927.822,OK,-145.152,49.511,-1899.249,OK,-186.101,35.522,-1884.681,Passive Strays,,,,,,,,,,,,
4,Port 0x01: pooter pooter-3e4c8800-0  s/n:3E4C8800,1506238224,1729171170.401854886,1,OK,-0.9173789,-1.8873215,-14.5494518,79.865,-136.439,-1910.574,0.0903545,3,OK,79.848,-136.436,-1910.575,OK,43.442,-222.973,-1889.109,OK,-9.836,-134.909,-1913.555,Port 0x03: pooter pooter-3e4c8801-1  s/n:3E4C8801,1506238224,1729171170.401854886,1,OK,-45.2247432,2.1335083,3.7753297,14.664,29.723,-1843.052,0.1460138,3,OK,14.806,29.690,-1843.051,OK,30.651,127.400,-1835.596,OK,-51.024,95.969,-1839.574,Port 0x05: pooter pooter-3e4c880c-12  s/n:3E4C880C,1506238224,1729171170.401854886,1,OK,-14.4151399,16.1905000,-9.5905065,64.148,-1.832,-1961.527,0.2445830,3,OK,-49.880,25.517,-1927.888,OK,-145.138,49.589,-1899.291,OK,-186.073,35.615,-1884.615,Passive Strays,,,,,,,,,,,,
4,Port 0x01: pooter pooter-3e4c8800-0  s/n:3E4C8800,1506238225,1729171170.418521553,1,OK,-0.9110189,-1.9574122,-14.5555606,79.867,-136.435,-1910.555,0.0887756,3,OK,79.853,-136.432,-1910.556,OK,43.425,-222.969,-1889.123,OK,-9.832,-134.917,-1913.644,Port 0x03: pooter pooter-3e4c8801-1  s/n:3E4C8801,1506238225,1729171170.418521553,1,OK,-45.2160314,2.2712240,3.7111346,14.659,29.729,-1843.131,0.1422071,3,OK,14.798,29.692,-1843.131,OK,30.647,127.407,-1835.625,OK,-51.031,95.955,-1839.429,Port 0x05: pooter pooter-3e4c880c-12  s/n:3E4C880C,1506238225,1729171170.418521553,1,OK,-14.4345352,16.2043175,-9.2245006,64.158,-1.849,-1961.446,0.2416711,3,OK,-49.874,25.540,-1927.785,OK,-145.107,49.641,-1899.169,OK,-186.057,35.667,-1884.642,Passive Strays,,,,,,,,,,,,
4,Port 0x01: pooter pooter-3e4c8800-0  s/n:3E4C8800,1506238226,1729171170.435188220,1,OK,-0.8987829,-1.9995854,-14.5157919,79.843,-136.430,-1910.490,0.0928031,3,OK,79.825,-136.430,-1910.491,OK,43.410,-222.989,-1889.145,OK,-9.855,-134.926,-1913.647,Port 0x03: pooter pooter-3e4c8801-1  s/n:3E4C8801,1506238226,1729171170.435188220,1,OK,-45.2182540,2.1792789,3.7267113,14.650,29.718,-1843.021,0.1390412,3,OK,14.785,29.682,-1843.021,OK,30.625,127.403,-1835.586,OK,-51.028,95.951,-1839.469,Port 0x05: pooter pooter-3e4c880c-12  s/n:3E4C880C,1506238226,1729171170.435188220,1,OK,-14.4352232,16.2157232,-9.3097670,64.118,-1.841,-1961.575,0.2470911,3,OK,-49.906,25.550,-1927.888,OK,-145.130,49.641,-1899.253,OK,-186.073,35.682,-1884.683,Passive Strays,,,,,,,,,,,,
4,Port 0x01: pooter pooter-3e4c8800-0  s/n:3E4C8800,1506238227,1729171170.451854886,1,OK,-0.8924493,-2.0210025,-14.5365674,79.851,-136.436,-1910.524,0.1053043,3,OK,79.826,-136.441,-1910.524,OK,43.430,-223.000,-1889.157,OK,-9.850,-134.928,-1913.719,Port 0x03: pooter pooter-3e4c8801-1  s/n:3E4C8801,1506238227,1729171170.451854886,1,OK,-45.2232344,2.1649841,3.7232905,14.656,29.716,-1843.069,0.1413253,3,OK,14.795,29.675,-1843.069,OK,30.647,127.405,-1835.653,OK,-51.028,95.956,-1839.541,Port 0x05: pooter pooter-3e4c880c-12  s/n:3E4C880C,1506238227,1729171170.451854886,1,OK,-14.4433288,16.1687168,-9.4523067,64.159,-1.880,-1961.414,0.2371067,3,OK,-49.890,25.530,-1927.817,OK,-145.119,49.661,-1899.268,OK,-186.076,35.685,-1884.662,Passive Strays,,,,,,,,,,,,
4,Port 0x01: pooter pooter-3e4c8800-0  s/n:3E4C8800,1506238228,1729171170.468521553,1,OK,-0.9019558,-1.9926367,-14.5591391,79.867,-136.449,-1910.535,0.1030230,3,OK,79.851,-136.450,-1910.535,OK,43.437,-222.999,-1889.117,OK,-9.839,-134.930,-1913.684,Port 0x03: pooter pooter-3e4c8801-1  s/n:3E4C8801,1506238228,1729171170.468521553,1,OK,-45.2286600,2.1771759,3.7556575,14.655,29.704,-1843.082,0.1394451,3,OK,14.791,29.664,-1843.082,OK,30.652,127.387,-1835.608,OK,-51.017,95.949,-1839.533,Port 0x05: pooter pooter-3e4c880c-12  s/n:3E4C880C,1506238228,1729171170.468521553,1,OK,-14.4287555,16.1766166,-9.2750655,64.184,-1.848,-1961.400,0.2423279,3,OK,-49.864,25.535,-1927.794,OK,-145.110,49.629,-1899.227,OK,-186.069,35.654,-1884.694,Passive Strays,,,,,,,,,,,,
4,Port 0x01: pooter pooter-3e4c8800-0  s/n:3E4C8800,1506238229,1729171170.485188220,1,OK,-0.9040245,-2.0056714,-14.4926856,79.870,-136.452,-1910.484,0.0935578,3,OK,79.843,-136.463,-1910.482,OK,43.435,-223.010,-1889.179,OK,-9.824,-134.937,-1913.651,Port 0x03: pooter pooter-3e4c8801-1  s/n:3E4C8801,1506238229,1729171170.485188220,1,OK,-45.2235665,2.1506338,3.6968748,14.660,29.696,-1843.040,0.1374279,3,OK,14.794,29.666,-1843.040,OK,30.649,127.385,-1835.677,OK,-51.020,95.932,-1839.536,Port 0x05: pooter pooter-3e4c880c-12  s/n:3E4C880C,1506238229,1729171170.485188220,1,OK,-14.4164652,16.0982210,-9.6535247,64.246,-1.847,-1961.178,0.2493716,3,OK,-49.874,25.525,-1927.714,OK,-145.114,49.597,-1899.293,OK,-186.063,35.638,-1884.652,Passive Strays,,,,,,,,,,,,
4,Port 0x01: pooter pooter-3e4c8800-0  s/n:3E4C8800,1506238230,1729171170.501854886,1,OK,-0.9115496,-1.9546390,-14.5661635,79.856,-136.464,-1910.611,0.0961863,3,OK,79.838,-136.453,-1910.614,OK,43.414,-223.007,-1889.158,OK,-9.840,-134.940,-1913.698,Port 0x03: pooter pooter-3e4c8801-1  s/n:3E4C8801,1506238230,1729171170.501854886,1,OK,-45.2269933,2.1964769,3.6978901,14.643,29.710,-1843.077,0.1425034,3,OK,14.782,29.672,-1843.077,OK,30.641,127.394,-1835.665,OK,-51.034,95.954,-1839.497,Port 0x05: pooter pooter-3e4c880c-12  s/n:3E4C880C,1506238230,1729171170.501854886,1,OK,-14.4295492,16.2563014,-9.1530294,64.127,-1.817,-1961.593,0.2444215,3,OK,-49.860,25.555,-1927.833,OK,-145.085,49.643,-1899.125,OK,-186.056,35.660,-1884.584,Passive Strays,,,,,,,,,,,,
4,Port 0x01: pooter pooter-3e4c8800-0  s/n:3E4C8800,1506238231,1729171170.518521553,1,OK,-0.9044256,-2.0116661,-14.5011710,79.852,-136.445,-1910.510,0.0948412,3,OK,79.840,-136.453,-1910.508,OK,43.413,-223.000,-1889.195,OK,-9.856,-134.929,-1913.687,Port 0x03: pooter pooter-3e4c8801-1  s/n:3E4C8801,1506238231,1729171170.518521553,1,OK,-45.2268547,2.2149982,3.7301504,14.637,29.717,-1843.124,0.1408771,3,OK,14.775,29.674,-1843.124,OK,30.634,127.400,-1835.648,OK,-51.036,95.960,-1839.514,Port 0x05: pooter pooter-3e4c880c-12  s/n:3E4C880C,1506238231,1729171170.518521553,1,OK,-14.4388780,16.1628750,-9.6294906,64.187,-1.822,-1961.366,0.2416735,3,OK,-49.864,25.580,-1927.777,OK,-145.095,49.698,-1899.237,OK,-186.042,35.734,-1884.561,Passive Strays,,,,,,,,,,,,
4,Port 0x01: pooter pooter-3e4c8800-0  s/n:3E4C8800,1506238232,1729171170.535188220,1,OK,-0.9040596,-1.9917183,-14.5143898,79.855,-136.446,-1910.502,0.0932429,3,OK,79.831,-136.456,-1910.501,OK,43.423,-222.996,-1889.156,OK,-9.843,-134.932,-1913.648,Port 0x03: pooter pooter-3e4c8801-1  s/n:3E4C8801,1506238232,1729171170.535188220,1,OK,-45.2241815,2.1863426,3.7649493,14.646,29.720,-1843.105,0.1401869,3,OK,14.784,29.681,-1843.105,OK,30.642,127.403,-1835.609,OK,-51.039,95.957,-1839.542,Port 0x05: pooter pooter-3e4c880c-12  s/n:3E4C880C,1506238232,1729171170.535188220,1,OK,-14.4502279,16.1382319,-9.5418814,64.224,-1.833,-1961.193,0.2381105,3,OK,-49.849,25.596,-1927.653,OK,-145.068,49.741,-1899.162,OK,-186.034,35.773,-1884.536,Passive Strays,,,,,,,,,,,,
4,Port 0x01: pooter pooter-3e4c8800-0  s/n:3E4C8800,1506238233,1729171170.551854887,1,OK,-0.9085496,-1.9565954,-14.5498346,79.875,-136.446,-1910.550,0.0967726,3,OK,79.863,-136.444,-1910.551,OK,43.442,-222.992,-1889.125,OK,-9.832,-134.925,-1913.641,Port 0x03: pooter pooter-3e4c8801-1  s/n:3E4C8801,1506238233,1729171170.551854887,1,OK,-45.2234738,2.2087915,3.7254569,14.661,29.715,-1843.080,0.1396977,3,OK,14.798,29.677,-1843.080,OK,30.653,127.399,-1835.617,OK,-51.017,95.952,-1839.480,Port 0x05: pooter pooter-3e4c880c-12  s/n:3E4C880C,1506238233,1729171170.551854887,1,OK,-14.4622492,16.2153120,-9.0366030,64.193,-1.852,-1961.342,0.2459584,3,OK,-49.831,25.597,-1927.661,OK,-145.031,49.733,-1899.033,OK,-186.013,35.780,-1884.573,Passive Strays,,,,,,,,,,,,
4,Port 0x01: pooter pooter-3e4c8800-0  s/n:3E4C8800,1506238234,1729171170.568521553,1,OK,-0.8904751,-2.0284898,-14.4748384,79.863,-136.424,-1910.442,0.0973080,3,OK,79.839,-136.437,-1910.440,OK,43.444,-223.000,-1889.177,OK,-9.837,-134.926,-1913.647,Port 0x03: pooter pooter-3e4c8801-1  s/n:3E4C8801,1506238234,1729171170.568521553,1,OK,-45.2238770,2.1967454,3.7319636,14.658,29.714,-1843.103,0.1396689,3,OK,14.794,29.672,-1843.104,OK,30.649,127.401,-1835.643,OK,-51.020,95.953,-1839.523,Port 0x05: pooter pooter-3e4c880c-12  s/n:3E4C880C,1506238234,1729171170.568521553,1,OK,-14.4451918,16.1738304,-9.2717069,64.220,-1.829,-1961.285,0.2421774,3,OK,-49.829,25.587,-1927.683,OK,-145.053,49.711,-1899.126,OK,-186.030,35.742,-1884.591,Passive Strays,,,,,,,,,,,,
4,Port 0x01: pooter pooter-3e4c8800-0  s/n:3E4C8800,1506238235,1729171170.585188220,1,OK,-0.9110803,-1.9506181,-14.5671946,79.848,-136.451,-1910.572,0.0942017,3,OK,79.833,-136.445,-1910.574,OK,43.410,-222.989,-1889.117,OK,-9.852,-134.929,-1913.653,Port 0x03: pooter pooter-3e4c8801-1  s/n:3E4C8801,1506238235,1729171170.585188220,1,OK,-45.2234696,2.1942853,3.7214003,14.635,29.713,-1843.093,0.1437262,3,OK,14.775,29.674,-1843.093,OK,30.622,127.394,-1835.651,OK,-51.044,95.955,-1839.517,Port 0x05: pooter pooter-3e4c880c-12  s/n:3E4C880C,1506238235,1729171170.585188220,1,OK,-14.4389618,16.1071978,-9.5300961,64.243,-1.854,-1961.118,0.2405274,3,OK,-49.871,25.560,-1927.636,OK,-145.085,49.684,-1899.206,OK,-186.051,35.713,-1884.607,Passive Strays,,,,,,,,,,,,
4,Port 0x01: pooter pooter-3e4c8800-0  s/n:3E4C8800,1506238236,1729171170.601854886,1,OK,-0.9043928,-1.9783215,-14.5140867,79.848,-136.451,-1910.548,0.0987568,3,OK,79.835,-136.447,-1910.550,OK,43.415,-223.017,-1889.190,OK,-9.858,-134.934,-1913.673,Port 0x03: pooter pooter-3e4c8801-1  s/n:3E4C8801,1506238236,1729171170.601854886,1,OK,-45.2282837,2.1629842,3.6981747,14.637,29.707,-1843.025,0.1364106,3,OK,14.770,29.673,-1843.025,OK,30.635,127.396,-1835.646,OK,-51.034,95.948,-1839.500,Port 0x05: pooter pooter-3e4c880c-12  s/n:3E4C880C,1506238236,1729171170.601854886,1,OK,-14.4443546,16.1888020,-9.3248235,64.198,-1.845,-1961.280,0.2398794,3,OK,-49.854,25.568,-1927.642,OK,-145.050,49.692,-1899.066,OK,-186.023,35.714,-1884.498,Passive Strays,,,,,,,,,,,,
4,Port 0x01: pooter pooter-3e4c8800-0  s/n:3E4C8800,1506238237,1729171170.618521553,1,OK,-0.9073494,-1.9696528,-14.4701884,79.870,-136.453,-1910.479,0.0759633,3,OK,79.851,-136.458,-1910.479,OK,43.430,-223.004,-1889.190,OK,-9.821,-134.952,-1913.585,Port 0x03: pooter pooter-3e4c8801-1  s/n:3E4C8801,1506238237,1729171170.618521553,1,OK,-45.2200669,2.1860065,3.7278611,14.655,29.695,-1843.053,0.1397843,3,OK,14.791,29.657,-1843.054,OK,30.637,127.380,-1835.610,OK,-51.027,95.929,-1839.491,Port 0x05: pooter pooter-3e4c880c-12  s/n:3E4C880C,1506238237,1729171170.618521553,1,OK,-14.4732062,16.2871962,-8.9737822,64.143,-1.899,-1961.522,0.2451442,3,OK,-49.829,25.560,-1927.698,OK,-144.999,49.708,-1898.944,OK,-185.972,35.755,-1884.464,Passive Strays,,,,,,,,,,,,
4,Port 0x01: pooter pooter-3e4c8800-0  s/n:3E4C8800,1506238238,1729171170.635188220,1,OK,-0.9090300,-1.9595837,-14.5279696,79.858,-136.467,-1910.555,0.1014392,3,OK,79.842,-136.469,-1910.555,OK,43.431,-223.023,-1889.164,OK,-9.849,-134.938,-1913.652,Port 0x03: pooter pooter-3e4c8801-1  s/n:3E4C8801,1506238238,1729171170.635188220,1,OK,-45.2284099,2.1354219,3.7476089,14.644,29.696,-1843.038,0.1438276,3,OK,14.785,29.655,-1843.039,OK,30.634,127.381,-1835.619,OK,-51.032,95.947,-1839.558,Port 0x05: pooter pooter-3e4c880c-12  s/n:3E4C880C,1506238238,1729171170.635188220,1,OK,-14.4595091,16.2908167,-9.0600757,64.142,-1.846,-1961.528,0.2410147,3,OK,-49.814,25.580,-1927.700,OK,-145.012,49.717,-1898.933,OK,-185.980,35.745,-1884.412,Passive Strays,,,,,,,,,,,,
4,Port 0x01: pooter pooter-3e4c8800-0  s/n:3E4C8800,1506238239,1729171170.651854886,1,OK,-0.9093320,-1.9637725,-14.4997007,79.854,-136.454,-1910.519,0.0953966,3,OK,79.830,-136.459,-1910.519,OK,43.424,-223.012,-1889.176,OK,-9.844,-134.930,-1913.621,Port 0x03: pooter pooter-3e4c8801-1  s/n:3E4C8801,1506238239,1729171170.651854886,1,OK,-45.2220514,2.2185241,3.7456885,14.649,29.713,-1843.135,0.1379323,3,OK,14.783,29.678,-1843.135,OK,30.636,127.391,-1835.634,OK,-51.025,95.946,-1839.519,Port 0x05: pooter pooter-3e4c880c-12  s/n:3E4C880C,1506238239,1729171170.651854886,1,OK,-14.4502622,16.2222969,-9.4136235,64.179,-1.851,-1961.404,0.2424191,3,OK,-49.828,25.566,-1927.701,OK,-145.031,49.697,-1899.059,OK,-186.002,35.728,-1884.429,Passive Strays,,,,,,,,,,,,
4,Port 0x01: pooter pooter-3e4c8800-0  s/n:3E4C8800,1506238240,1729171170.668521553,1,OK,-0.8988379,-2.0165781,-14.5279041,79.855,-136.439,-1910.504,0.1039933,3,OK,79.833,-136.441,-1910.504,OK,43.424,-223.003,-1889.147,OK,-9.847,-134.923,-1913.691,Port 0x03: pooter pooter-3e4c8801-1  s/n:3E4C8801,1506238240,1729171170.668521553,1,OK,-45.2227472,2.2347668,3.6586461,14.651,29.721,-1843.079,0.1378619,3,OK,14.785,29.682,-1843.080,OK,30.641,127.411,-1835.683,OK,-51.019,95.957,-1839.437,Port 0x05: pooter pooter-3e4c880c-12  s/n:3E4C880C,1506238240,1729171170.668521553,1,OK,-14.4547168,16.2680466,-9.2826636,64.128,-1.845,-1961.563,0.2422316,3,OK,-49.853,25.576,-1927.771,OK,-145.031,49.708,-1899.051,OK,-186.007,35.735,-1884.445,Passive Strays,,,,,,,,,,,,
4,Port 0x01: pooter pooter-3e4c8800-0  s/n:3E4C8800,1506238241,1729171170.685188220,1,OK,-0.9084960,-1.9749536,-14.5275685,79.857,-136.440,-1910.523,0.1022048,3,OK,79.846,-136.442,-1910.523,OK,43.425,-222.996,-1889.142,OK,-9.855,-134.912,-1913.645,Port 0x03: pooter pooter-3e4c8801-1  s/n:3E4C8801,1506238241,1729171170.685188220,1,OK,-45.2275379,2.1641142,3.7087815,14.638,29.715,-1843.014,0.1369809,3,OK,14.771,29.679,-1843.014,OK,30.630,127.403,-1835.620,OK,-51.030,95.957,-1839.487,Port 0x05: pooter pooter-3e4c880c-12  s/n:3E4C880C,1506238241,1729171170.685188220,1,OK,-14.4709258,16.2783411,-8.9843459,64.138,-1.856,-1961.506,0.2378983,3,OK,-49.826,25.595,-1927.704,OK,-145.023,49.756,-1898.960,OK,-185.996,35.785,-1884.480,Passive Strays,,,,,,,,,,,,
4,Port 0x01: pooter pooter-3e4c8800-0  s/n:3E4C8800,1506238242,1729171170.701854886,1,OK,-0.9055036,-2.0184740,-14.5281380,79.869,-136.444,-1910.491,0.0914196,3,OK,79.857,-136.445,-1910.491,OK,43.418,-222.991,-1889.139,OK,-9.832,-134.932,-1913.677,Port 0x03: pooter pooter-3e4c8801-1  s/n:3E4C8801,1506238242,1729171170.701854886,1,OK,-45.2180320,2.2198165,3.6879347,14.659,29.710,-1843.066,0.1358636,3,OK,14.791,29.671,-1843.067,OK,30.643,127.400,-1835.644,OK,-51.021,95.937,-1839.449,Port 0x05: pooter pooter-3e4c880c-12  s/n:3E4C880C,1506238242,1729171170.701854886,1,OK,-14.4722569,16.2371227,-9.4523919,64.186,-1.854,-1961.410,0.2400907,3,OK,-49.797,25.603,-1927.678,OK,-144.995,49.771,-1899.007,OK,-185.953,35.817,-1884.355,Passive Strays,,,,,,,,,,,,
4,Port 0x01: pooter pooter-3e4c8800-0  s/n:3E4C8800,1506238243,1729171170.718521553,1,OK,-0.9057506,-1.9970897,-14.5051686,79.868,-136.446,-1910.463,0.0990832,3,OK,79.840,-136.461,-1910.460,OK,43.438,-223.000,-1889.133,OK,-9.833,-134.921,-1913.619,Port 0x03: pooter pooter-3e4c8801-1  s/n:3E4C8801,1506238243,1729171170.718521553,1,OK,-45.2278290,2.1647828,3.7572849,14.662,29.715,-1843.061,0.1363220,3,OK,14.795,29.677,-1843.061,OK,30.656,127.401,-1835.598,OK,-51.008,95.957,-1839.533,Port 0x05: pooter pooter-3e4c880c-12  s/n:3E4C880C,1506238243,1729171170.718521553,1,OK,-14.4725645,16.2137196,-9.2356596,64.225,-1.853,-1961.260,0.2483836,3,OK,-49.800,25.616,-1927.574,OK,-144.972,49.768,-1898.954,OK,-185.957,35.827,-1884.408,Passive Strays,,,,,,,,,,,,
4,Port 0x01: pooter pooter-3e4c8800-0  s/n:3E4C8800,1506238244,1729171170.735188220,1,OK,-0.9080162,-1.9664622,-14.4484324,79.847,-136.453,-1910.556,0.0912085,3,OK,79.825,-136.459,-1910.555,OK,43.418,-223.026,-1889.294,OK,-9.852,-134.934,-1913.661,Port 0x03: pooter pooter-3e4c8801-1  s/n:3E4C8801,1506238244,1729171170.735188220,1,OK,-45.2232710,2.1991441,3.7528548,14.635,29.704,-1843.087,0.1420679,3,OK,14.773,29.667,-1843.087,OK,30.624,127.383,-1835.596,OK,-51.045,95.944,-1839.503,Port 0x05: pooter pooter-3e4c880c-12  s/n:3E4C880C,1506238244,1729171170.735188220,1,OK,-14.4888549,16.3991704,-8.7600894,64.039,-1.887,-1961.835,0.2568776,3,OK,-49.819,25.587,-1927.803,OK,-144.982,49.738,-1898.840,OK,-185.984,35.803,-1884.368,Passive Strays,,,,,,,,,,,,
4,Port 0x01: pooter pooter-3e4c8800-0  s/n:3E4C8800,1506238245,1729171170.751854886,1,OK,-0.9027460,-2.0121330,-14.5406142,79.844,-136.451,-1910.460,0.1054998,3,OK,79.817,-136.465,-1910.457,OK,43.415,-223.000,-1889.083,OK,-9.861,-134.925,-1913.641,Port 0x03: pooter pooter-3e4c8801-1  s/n:3E4C8801,1506238245,1729171170.751854886,1,OK,-45.2173596,2.2378660,3.7254898,14.638,29.708,-1843.122,0.1403726,3,OK,14.775,29.664,-1843.123,OK,30.619,127.393,-1835.629,OK,-51.042,95.939,-1839.475,Port 0x05: pooter pooter-3e4c880c-12  s/n:3E4C880C,1506238245,1729171170.751854886,1,OK,-14.4780190,16.3388726,-8.9916538,64.080,-1.864,-1961.676,0.2447015,3,OK,-49.843,25.594,-1927.752,OK,-144.992,49.753,-1898.908,OK,-185.991,35.789,-1884.374,Passive Strays,,,,,,,,,,,,
4,Port 0x01: pooter pooter-3e4c8800-0  s/n:3E4C8800,1506238246,1729171170.768521553,1,OK,-0.8899677,-2.0256819,-14.4900542,79.862,-136.435,-1910.457,0.0996389,3,OK,79.852,-136.435,-1910.457,OK,43.438,-223.015,-1889.165,OK,-9.846,-134.938,-1913.657,Port 0x03: pooter pooter-3e4c8801-1  s/n:3E4C8801,1506238246,1729171170.768521553,1,OK,-45.2274430,2.1925013,3.7414293,14.656,29.710,-1843.091,0.1414936,3,OK,14.794,29.672,-1843.091,OK,30.647,127.389,-1835.622,OK,-51.013,95.956,-1839.517,Port 0x05: pooter pooter-3e4c880c-12  s/n:3E4C880C,1506238246,1729171170.768521553,1,OK,-14.4871198,16.2782432,-9.0215840,64.162,-1.895,-1961.433,0.2471076,3,OK,-49.804,25.593,-1927.628,OK,-144.969,49.764,-1898.890,OK,-185.960,35.823,-1884.390,Passive Strays,,,,,,,,,,,,
4,Port 0x01: pooter pooter-3e4c8800-0  s/n:3E4C8800,1506238247,1729171170.785188220,1,OK,-0.9118419,-1.9470698,-14.5184923,79.867,-136.458,-1910.523,0.0910587,3,OK,79.850,-136.458,-1910.523,OK,43.433,-223.006,-1889.141,OK,-9.834,-134.935,-1913.597,Port 0x03: pooter pooter-3e4c8801-1  s/n:3E4C8801,1506238247,1729171170.785188220,1,OK,-45.2301679,2.1252037,3.7565400,14.655,29.696,-1843.001,0.1392432,3,OK,14.791,29.655,-1843.001,OK,30.650,127.385,-1835.579,OK,-51.019,95.944,-1839.538,Port 0x05: pooter pooter-3e4c880c-12  s/n:3E4C880C,1506238247,1729171170.785188220,1,OK,-14.5020742,16.3482619,-8.7696027,64.101,-1.893,-1961.685,0.2518910,3,OK,-49.798,25.615,-1927.752,OK,-144.966,49.796,-1898.881,OK,-185.957,35.870,-1884.445,Passive Strays,,,,,,,,,,,,
4,Port 0x01: pooter pooter-3e4c8800-0  s/n:3E4C8800,1506238248,1729171170.801854887,1,OK,-0.9065610,-1.9572909,-14.4789023,79.863,-136.443,-1910.542,0.0890004,3,OK,79.843,-136.446,-1910.541,OK,43.435,-223.007,-1889.227,OK,-9.834,-134.930,-1913.631,Port 0x03: pooter pooter-3e4c8801-1  s/n:3E4C8801,1506238248,1729171170.801854887,1,OK,-45.2300934,2.1558979,3.7912415,14.641,29.711,-1843.049,0.1467073,3,OK,14.784,29.671,-1843.049,OK,30.634,127.386,-1835.548,OK,-51.035,95.965,-1839.535,Port 0x05: pooter pooter-3e4c880c-12  s/n:3E4C880C,1506238248,1729171170.801854887,1,OK,-14.5023846,16.2800364,-9.1215313,64.158,-1.885,-1961.429,0.2517028,3,OK,-49.807,25.636,-1927.614,OK,-144.939,49.827,-1898.880,OK,-185.949,35.901,-1884.330,Passive Strays,,,,,,,,,,,,
4,Port 0x01: pooter pooter-3e4c8800-0  s/n:3E4C8800,1506238249,1729171170.818521553,1,OK,-0.9022108,-1.9998989,-14.5000132,79.856,-136.441,-1910.520,0.1013639,3,OK,79.838,-136.443,-1910.520,OK,43.425,-223.011,-1889.197,OK,-9.848,-134.922,-1913.681,Port 0x03: pooter pooter-3e4c8801-1  s/n:3E4C8801,1506238249,1729171170.818521553,1,OK,-45.2220455,2.1920176,3.7378513,14.639,29.719,-1843.078,0.1437684,3,OK,14.779,29.676,-1843.079,OK,30.623,127.402,-1835.615,OK,-51.042,95.960,-1839.505,Port 0x05: pooter pooter-3e4c880c-12  s/n:3E4C880C,1506238249,1729171170.818521553,1,OK,-14.5057724,16.3000042,-9.1485617,64.148,-1.867,-1961.489,0.2475137,3,OK,-49.779,25.652,-1927.640,OK,-144.938,49.857,-1898.860,OK,-185.938,35.927,-1884.288,Passive Strays,,,,,,,,,,,,
4,Port 0x01: pooter pooter-3e4c8800-0  s/n:3E4C8800,1506238250,1729171170.835188220,1,OK,-0.9050689,-1.9725518,-14.4906424,79.856,-136.435,-1910.482,0.0969089,3,OK,79.835,-136.440,-1910.482,OK,43.431,-223.002,-1889.158,OK,-9.844,-134.916,-1913.599,Port 0x03: pooter pooter-3e4c8801-1  s/n:3E4C8801,1506238250,1729171170.835188220,1,OK,-45.2256268,2.2175373,3.6825421,14.645,29.715,-1843.052,0.1422314,3,OK,14.784,29.675,-1843.052,OK,30.640,127.400,-1835.640,OK,-51.029,95.958,-1839.438,Port 0x05: pooter pooter-3e4c880c-12  s/n:3E4C880C,1506238250,1729171170.835188220,1,OK,-14.4970402,16.2888139,-9.1416098,64.167,-1.868,-1961.377,0.2450603,3,OK,-49.801,25.638,-1927.541,OK,-144.922,49.831,-1898.796,OK,-185.926,35.885,-1884.232,Passive Strays,,,,,,,,,,,,
4,Port 0x01: pooter pooter-3e4c8800-0  s/n:3E4C8800,1506238251,1729171170.851854886,1,OK,-0.9059008,-2.0004413,-14.5371724,79.870,-136.449,-1910.489,0.1005606,3,OK,79.845,-136.456,-1910.488,OK,43.434,-222.999,-1889.110,OK,-9.830,-134.924,-1913.650,Port 0x03: pooter pooter-3e4c8801-1  s/n:3E4C8801,1506238251,1729171170.851854886,1,OK,-45.2220176,2.2341646,3.7034573,14.658,29.708,-1843.098,0.1391862,3,OK,14.793,29.674,-1843.098,OK,30.644,127.387,-1835.640,OK,-51.012,95.942,-1839.456,Port 0x05: pooter pooter-3e4c880c-12  s/n:3E4C880C,1506238251,1729171170.851854886,1,OK,-14.4770318,16.3009275,-9.1955777,64.165,-1.843,-1961.558,0.2475512,3,OK,-49.783,25.619,-1927.703,OK,-144.937,49.776,-1898.926,OK,-185.931,35.824,-1884.332,Passive Strays,,,,,,,,,,,,
